stableEventId,module,trigger,tickOrState,soundIntent,spatialMode,anchor,socketId,mixerBus,priority,maxConcurrent,cooldownSeconds,soundminerQuery,candidateFiles,editTask,finalResource,acceptanceStatus,sourcePath,sourceLibrary,sourceHash
event.fei.primary.attack.0,FeiWeapon,skill presentation,tick 0,"imaginative arcade shot with a compact energy body and playful mechanical accent",WorldPositioned,OwnerSocket,weapon.primary.muzzle,SFX,40,3,0.04,"game arcade cartoon sci fi magic energy blaster laser zap pulse spark shot short","Alien Game Weapon Zap Gun Shot 1-4 Glitchy SciFi Short Light; recids 6188/6192/6194/6198; all four approved","per-source onset trim; 0.380s total; per-channel DC removal; 2ms fade-in; 10ms fade-out; mono fold-down; normalize peak to -3dBFS","Assets/FPGDemo/Audio/Forest/SFX/SFX_Fei_Primary_Attack_01..04.wav",BoundAndValidated,"F:\Audio\Epic Stock Media\【ESM】外星人游戏类-Alien Game_Epic Stock Media\03-武器_Weapons","Alien Game / Epic Stock Media","90360773c3bdf3b34b80e325831d928bb02755cd398ec44a3f452427ddea66e5;d19bcaad957b66844248e8374c7cfa41f6a487f01a0e529f73da38af7a03cd42;84fccc4a87f41295e48805b53c870b1292cc41b41838c645736f369b8a5cde71;4768ea451e32ae4bf05b41fa3248aa41ee17886c09b1aee6ffba22cd22dba602"
event.fei.primary.hit.base,FeiWeapon,impact bundle,committed hit,"tight designed weapon impact with an immediate synthetic body and a restrained energy spark",WorldPositioned,OwnerRoot,TBD,SFX,55,4,0.03,"designed game arcade weapon projectile impact energy magic arcane electric laser spark zap ricochet short tight","KHRON Arcane Snap recids 2856-2859; all four approved","mono fold-down; per-source onset trim; 0.200s total; 2ms fade-in; 8ms fade-out; normalize peak to -4dBFS","Assets/FPGDemo/Audio/Forest/SFX/SFX_Fei_Primary_Hit_01..04.wav",BoundAndValidated,"F:\Audio\KHRON STUDIO（中译）\【KHRON】魔法咒语召唤法术第一辑-Spells Variations Vol 1_Khron Studio\神秘瞬发-Arcane Snap","Spells Variations Vol 1 / KHRON","a80feaa6303d58ba88677ca1324c271411b8e5b7d4aa29829aeb5db0d028792e;a9e6f4123ccacf03156307bf050cb6cf5a483b6970e6e66d8d5a9b130619ee60;324fbe61bf98dd4952fec15e0e9c7927ad8d2a45e779e34ae95a49fe0da3d971;313ce070b3bec5bdb253fb1ee16dd23c257544422a1f3a478f78b4397d8572a2"
event.fei.primary.hit.weakpoint,FeiWeapon,impact override,committed weakpoint hit,"reinforced version of the approved base hit with the same short arcane identity and clearly greater impact",WorldPositioned,OwnerRoot,TBD,SFX,35,2,0.08,"derived from approved KHRON Arcane Snap 01-04 base-hit masters","SFX_Fei_Primary_Weakpoint_01..04.wav","layer each approved base hit with its own -4 semitone copy at -8dB and 2ms delay; +3dB transient contour over 55ms; 1.4 soft saturation; 0.200s mono; normalize peak to -3dBFS","Assets/FPGDemo/Audio/Forest/SFX/SFX_Fei_Primary_Weakpoint_01..04.wav",BoundAndValidated,D:\Unity\NewFPG_AudioWork\Forest\approved\SFX_Fei_Primary_Hit_01..04.wav,"Derived from Spells Variations Vol 1 / KHRON","1c8700a16fd74f1728ae0f242f265c45fa3316c581314252d0108fef143487db;8282d046488cf1ac37550eb74a7806a229b313a5cf8a2d85e8dca2b19ffe14e1;cb4efa842cd33c9c142ab581f1f283b851924dcedd204f442506da15c78f28b8;4247a8cb39d3325a5b1a464b53ce9adabf918ccedb3c697ccdc57f3a811c2fd3"
event.fei.primary.hit.environment,FeiWeapon,impact bundle,committed environment hit,"short dry magical-electric environmental impact that stays less rewarding than an enemy hit",WorldPositioned,OwnerRoot,,SFX,90,3,0.03,"game arcade cartoon designed magic energy electric spark projectile impact hit short dry","KHRON Electrified Impact recids 2847/2843/2844/2849; four sibling previews","per-source onset trim 0.065/0.080/0.140/0.145s; 0.220s total; per-channel DC removal; 2ms fade-in; 8ms fade-out; mono fold-down; normalize peak to -5dBFS","Assets/FPGDemo/Audio/Forest/SFX/SFX_Fei_Primary_EnvironmentHit_01..04.wav",BoundAndValidated,"F:\Audio\KHRON STUDIO（中译）\【KHRON】魔法咒语召唤法术第一辑-Spells Variations Vol 1_Khron Studio\电击冲击-Electrified Impact","Spells Variations Vol 1 / KHRON","f77dd26c36f43a99e7826334741c01fc447c828ba5702a7dec566b6568fa9e32;0e9531e393d6d7f486aa1c037d5b1a7a2b5f0db9f979e35db8a6b17056aa0315;12add83da675451a0d1bce25408e184e85f3530f1ceb22895b4c889d56da5cec;14c7a311386d3888d52e138e90fda841275239e2e3e9ad44082e8ae8a8774114"
event.burstbug.fast.telegraph,Burstbug,warning start,telegraph start,"stylized arcade threat chirp with an insect-like synthetic identity",WorldPositioned,OwnerSocket,attack.origin,SFX,60,1,0.20,"game arcade sci fi electronic warning chirp charge alert insect short","BOOM Signal Warning Fast 01-03 recids 19931-19933 plus restrained insect foley recid 4342","three sibling warning signals; layer distinct 0.32s insect-click windows at -14dB; per-channel DC removal; mono fold-down; 2ms fade-in; 6ms fade-out; normalize peak to -4dBFS","Assets/FPGDemo/Audio/Forest/SFX/SFX_Burstbug_Fast_Telegraph_01..03.wav",BoundAndValidated,"F:\Audio\BOOM LIBRARY\FX65-未来科幻界面-Future Technology_Boom Library;F:\Audio\BOOM LIBRARY\FX25-怪兽行动拟音-Creature Foley_Boom Library","Future Technology + Creature Foley Construction Kit / BOOM","7609d238d20bc93e3cb52926edefee0904d26eb82368e278fd1a1328884b3c6f;4861d2b1e2dc66a30b4f36bdd779d53fa2e8991c8abe280ff3940a182e1f0c93;c84a776385d30415c02148899daa8fe064e98780d8ac72d01c4957833c6e85aa;98c711830fbcfce666a3d95bab8cdffbbc224e7e6b126be5a1d9cac62c25c32c"
event.burstbug.fast.release,Burstbug,warning end,release commit,"compact release snap with forward energy",WorldPositioned,OwnerSocket,attack.origin,SFX,50,1,0.10,"game magic energy projectile release snap fast whoosh","KHRON Rapid Air Slash recids 2732/2733/2734/2731; four sibling previews","trim each sibling around its main forward-energy peak; 0.195-0.220s; per-channel DC removal; mono fold-down; 2ms fade-in; 8ms fade-out; normalize peak to -5dBFS","Assets/FPGDemo/Audio/Forest/SFX/SFX_Burstbug_Fast_Release_01..04.wav",BoundAndValidated,"F:\Audio\KHRON STUDIO（中译）\【KHRON】魔法咒语召唤法术第一辑-Spells Variations Vol 1_Khron Studio\快速空气斩击-Rapid Air Slash","Spells Variations Vol 1 / KHRON","e232a304f0495c3a824fdbfd9c2eb1724dde01e4b67103a4cace55a3124eb006;0ae289035d823cf16ed53508d31a84fb301195a045a8772cf63df676a9d59b29;3437a8b8937669f08152e85b90c402925740a1d7d3bf6fa62d7ae3666347e802;adb048cdea493cba5baccec5f66fa7adec883410e0a4edcb262bbab742fde620"
event.burstbug.fast.projectile,Burstbug,skill presentation,projectile spawn,"subtle projectile flight cue that does not duplicate release",WorldPositioned,OwnerRoot,,SFX,95,2,0.08,"small magic energy projectile flyby dart subtle whoosh","KHRON Arcane Mini Whoosh recids 2684/2688/2681/2689; four sibling previews","retain 0.550s motion envelope; per-channel DC removal; mono fold-down; 2ms fade-in; 20ms fade-out; normalize peak to -10dBFS so release and hit remain dominant","Assets/FPGDemo/Audio/Forest/SFX/SFX_Burstbug_Fast_Projectile_01..04.wav",BoundAndValidated,"F:\Audio\KHRON STUDIO（中译）\【KHRON】魔法咒语召唤法术第一辑-Spells Variations Vol 1_Khron Studio\奥术迷你呼啸-Arcane mini Whoosh","Spells Variations Vol 1 / KHRON","1d25edee92b2f2863c94ca25a21768b18884cd7a7454994addcbf7daf5a72d38;97bdaf52f9c866a92681f689f1a09a886ad7c9c5ce26c334c0997dd5f27b82f2;c800b9b41415fb7521c08299745a2328b8e524b4bf0beb8b2852daa50de721bd;49dff756454dd0b58e6a6ed4f901a996ba757999991c39184623c49aaec2aece"
event.burstbug.fast.hit,Burstbug,impact presentation,committed player hit,"compact arcade impact with a needle transient and a small magic explosion; identifies Burstbug contact without replacing global player-damage feedback",WorldPositioned,OwnerRoot,TBD,SFX,20,1,0.15,"magic spell impact sharp piercing burst missile dart explosion sci-fi game hit short","KHRON Bloodlight Pierce recids 2506/2494/2498/2493/2504/2492 + Little Arcane Blast recids 2697/2693/2700/2694/2696/2692; all six approved","layer each Bloodlight Pierce sibling as a -3dB needle transient with a delayed Little Arcane Blast sibling at 0dB (+1dB for variant 04); 0.360s total; mono fold-down; 1ms fade-in; 12ms fade-out; 1.5dB transient contour over 45ms; 1.05 soft saturation; normalize peak to -5.5dBFS",Assets/FPGDemo/Audio/Forest/SFX/SFX_Burstbug_Fast_Hit_01..06.wav,BoundAndValidated,"F:\Audio\KHRON STUDIO（中译）\【KHRON】魔法咒语召唤法术第二辑-Spells Variations Vol 1_Khron Studio\血光穿刺-Bloodlight Pierce;F:\Audio\KHRON STUDIO（中译）\【KHRON】魔法咒语召唤法术第一辑-Spells Variations Vol 1_Khron Studio\小奥术冲击-Little Arcane Blast","Spells Variations Vol 2 + Spells Variations Vol 1 / KHRON","f64ad1177a0e5be68f73152419a28e440b20d81e4208e34b2aaa7e5c97d67be4;2922d54306469f80ccbd853979fcdc040a409ae5d2f59a50d056cdbbef03bb79;5c7209616244cb2b92b1f6fba01443c2d64bb4f7e59de8adca94f5590f73af92;c1acce3d0b6c3ad73048d9a668da2cd4c06b901be40014f95d5e197bc46b3b9d;160cc1a8bb69d16c1c6457d9f64e316b50563916fc96835c88aaf20d9630c989;6eba9b62ee29676bd364f7f7e6af02e6b2dafc06b386afee730d38dcfb1cf380;b40a881ecfc8a6a82c809c9e09979dd9aefd165e1537e75726c1188a58ae2e96;59166f3359d34998d1a63b9fc2e1791bc01ece998723fe52408e44aae7a3bef7;ae6aa3aa6efad9365bd9e6d775908834e29b041a5c888b213f13ffa560536c4d;63c09140bc436ee07cecf0e37f95bff2862753eb487720ff1c636b83ed568441;149d801b45789feb83a842268edcf93ae55d3603e88d1e80567048fed8c2088e;78cdb937618e729e89226cda7c6529e814ef43ba0846d4ae2e28f1e22cbffd81"
event.combat.player.damaged,GlobalCombat,combat trace,damage committed,"short game-style player damage feedback that remains distinct from attacker impact",WorldPositioned,OwnerRoot,player.body,SFX,20,1,0.15,"game female character damage reaction short vocal or stylized hurt cue","BOOM Close Combat female soft closed-mouth recid 6831; candidate 1 selected; previous impact/male/KHRON pain candidates excluded","repair malformed source tail into read-only hash-addressed working copy; isolate one 0.44s take; mono fold-down; 48kHz/24-bit; 1ms fade-in; 12ms fade-out; normalize peak to -8dBFS",Assets/FPGDemo/Audio/Forest/SFX/VO_Fei_Damaged_01.wav,BoundAndValidated,"F:\Audio\BOOM LIBRARY\FX34-近战格斗音效-Close Combat_Boom Library\设计的声音-Designed\09-战吼人声-Voice","Close Combat / BOOM Library","66929c8b30f08b07325048d54999bd228713ef1afc14550f0badd76dc8cd728f"
event.combat.player.barrier_broken,GlobalCombat,combat trace,barrier break,"crisp break/shatter cue with controlled high end",TwoDimensional,OwnerRoot,TBD,SFX,15,1,0.25,"game arcade sci fi energy barrier shield break shatter drop whoosh sweep","Metroidvania Energy Shield Break 01-03; recids 22019/22020/22018; three approved sibling previews","repair malformed source tails into read-only-hash-addressed working copies; onset trim 170/230/280ms; mono fold-down; 48kHz/24-bit; 650ms; 2ms fade-in; 20ms fade-out; normalize peak to -3dBFS",Assets/FPGDemo/Audio/Forest/SFX/SFX_Player_BarrierBreak_01..03.wav,BoundAndValidated,"F:\Audio\Epic Stock Media\【ESM】横轴动作游戏类-Metroidvania Game SFX_Epic Stock Media\12-效果-Effect","Metroidvania Game SFX / Epic Stock Media","adabc55aa614d879e3052c6eb3e7963145348a0267b4bc9feaec4639bf25ad88;c898a10b22a212cfeede7b82e4a87656e0ef483dc49199451b450e3898322daa;40a01b4e2dfcddeba6e65be90e023f8309647c23da25176c7758481f6e47b845"
event.combat.enemy.break,GlobalCombat,combat trace,enemy break committed,"impactful enemy break punctuation",WorldPositioned,OwnerRoot,TBD,SFX,20,1,0.25,"retro game arcade enemy stagger break energy laser burst spell impact short","Retro Game Slinky Laser Burst 1-3; recids 5564/5565/5566; three approved sibling previews","mono fold-down; 48kHz/24-bit; 2ms fade-in; 10ms fade-out; +2dB transient contour over 80ms; 1.1 soft saturation; normalize peak to -3.5dBFS",Assets/FPGDemo/Audio/Forest/SFX/SFX_Enemy_Break_01..03.wav,BoundAndValidated,"F:\Audio\Epic Stock Media\【ESM】复古游戏类-Retro Game_Epic Stock Media\03-打击和武器-Impacts And Weapon","Retro Game / Epic Stock Media","93713f5315c02a99c526ecbd914f290b13da1b3cdab9d446f58e94c43265d37c;04982bce067af042c3600fd73319eaa1d58b3f51b4ac751ba25608c8ede91486;040555e069bd67189cd085a3ea5976c8d187a99e7d05c93a79b464478590a578"
event.combat.reticle.lock,GlobalCombat,reticle transition,hittable transition,"target lock audio excluded by design",TwoDimensional,OwnerRoot,TBD,UI,130,1,0.08,"","","","",ExcludedByDesign,,,
"event.room.entered","Interaction","encounter lifecycle","Preparing","soft room entry confirmation","TwoDimensional","OwnerRoot","TBD","UI","120","1","0.25","game ui room enter soft short synth knock blip squeezed button","Fantasy Game UI Short Synth Knock Blip 03; recid 9542; user selected candidate 03 only","mono fold-down; 48kHz/24-bit; 97ms; 1ms fade-in; 8ms fade-out; normalize peak to -11dBFS","Assets/FPGDemo/Audio/Forest/SFX/UI_Room_Entered_03.wav","BoundAndValidated","F:\Audio\Epic Stock Media\【ESM】奇幻冒险类第二辑-Fantasy Game 2_Epic Stock Media\17-奇幻冒险组件-Fantasy Game\14-用户界面-UI\【点击 短合成敲击哔哔声 小挤压按钮03 2】UIClick_UI Short Synth Knock Blips Small Squeezed Button 03_ESM_FG2.wav","Fantasy Game 2 / Epic Stock Media","4651c6d5fadaf4e0d3676709490397a335d63a2730b4bc8e0943dbfd9cb24978"
"event.room.exit.unlocked","Interaction","encounter lifecycle","ExitUnlocked","clear exit-open confirmation","TwoDimensional","OwnerRoot","TBD","UI","120","1","0.25","game ui exit unlocked positive simple note sweep riser glassy","Fantasy Game UI Positive Confirm Simple Note Sweep Riser Glassy 01; recid 9537; user selected candidate 01 only","mono fold-down; 48kHz/24-bit; 300ms; 2ms fade-in; 20ms fade-out; normalize peak to -5.5dBFS","Assets/FPGDemo/Audio/Forest/SFX/UI_Exit_Unlocked_01.wav","BoundAndValidated","F:\Audio\Epic Stock Media\【ESM】奇幻冒险类第二辑-Fantasy Game 2_Epic Stock Media\17-奇幻冒险组件-Fantasy Game\14-用户界面-UI\【点击 正面确认简单音符上升玻璃质01 2】UIClick_UI Positive Confirm Simple Note Sweep Riser Glassy 01_ESM_FG2.wav","Fantasy Game 2 / Epic Stock Media","88617f0f124b6a003b671d9295cd11fa6005b94a15b9922eff6fa4440a8804cc"
event.room.exit.confirmed,Interaction,exit selected,exit confirmation,"positive exit confirmation",TwoDimensional,OwnerRoot,TBD,UI,110,1,0.25,"game ui basic confirm clicky short digital exit selection","Metroidvania UI Basic Confirm 01-03; recids 22067-22069; three sibling previews","repair malformed source tail into read-only-hash-addressed working copies; mono fold-down; 48kHz/24-bit; trim to 220ms; 1ms fade-in; 12ms fade-out; normalize peak to -6.5dBFS",UI_Exit_Confirmed_01.wav,BoundAndValidated,"F:\Audio\Epic Stock Media\【ESM】横轴动作游戏类-Metroidvania Game SFX_Epic Stock Media\13-用户界面-UI","Metroidvania Game SFX / Epic Stock Media","181fcffa30c2d5fb3e0afa415bba2f1389b5188bd89699501e002e71281006de"
event.interaction.focus,Interaction,interaction focus,focus entered,"subtle retro game navigation tick",TwoDimensional,OwnerRoot,TBD,UI,130,1,0.08,"retro game ui menu navigation focus hover short subtle","Retro Game Menu Navigation 1 only; recid 5919; user selected candidate 01","mono fold-down; 48kHz/24-bit; max 100ms; 1ms fade-in; 5ms fade-out; normalize peak to -10.5dBFS",UI_Interaction_Focus_01.wav,BoundAndValidated,"F:\Audio\Epic Stock Media\【ESM】复古游戏类-Retro Game_Epic Stock Media\09-复古界面-UI","Retro Game / Epic Stock Media","5ba50b370a5c1ac9e1edc32fa400b6705089d17aae8fbc8e96bc5b6f041dbac0"
event.interaction.confirm,Interaction,interaction command,confirm,"clean confirm click with three related game-style variations",TwoDimensional,OwnerRoot,TBD,UI,125,1,0.12,"game ui positive confirm click short neutral generic button tap","Fantasy Game UI Positive Click 01-03; recids 9603/9535/9536; all three retained","mono fold-down; 48kHz/24-bit; max 130ms; 1ms fade-in; 8ms fade-out; normalize peak to -7.5dBFS",Assets/FPGDemo/Audio/Forest/SFX/UI_Interaction_Confirm_01..03.wav,BoundAndValidated,"F:\Audio\Epic Stock Media\【ESM】奇幻冒险类第二辑-Fantasy Game 2_Epic Stock Media\17-奇幻冒险组件-Fantasy Game\14-用户界面-UI","Fantasy Game 2 / Epic Stock Media","8e04b7f6270aa7689aeeacffa1c31fb71d84e069c0d0d13b7464de855c541194;84ea1f05536e5bde77225057f83661b04f768148acb0d0c7b23e31367c61612b;b52ce386a125e08bd7681a1386101e71bccd95e279c0f1f953e2d952adf3744f"
event.interaction.reject,Interaction,interaction command,reject,"muted reject cue",TwoDimensional,OwnerRoot,TBD,UI,125,1,0.12,"game ui negative denied short simple knocks synth hit quick muted","Fantasy Game UI Negative Denied Short Simple Knocks 01; recid 9546; user selected candidate 01 only","mono fold-down; 48kHz/24-bit; 151ms; 1ms fade-in; 10ms fade-out; normalize peak to -6.5dBFS",Assets/FPGDemo/Audio/Forest/SFX/UI_Interaction_Reject_01.wav,BoundAndValidated,"F:\Audio\Epic Stock Media\【ESM】奇幻冒险类第二辑-Fantasy Game 2_Epic Stock Media\17-奇幻冒险组件-Fantasy Game\14-用户界面-UI","Fantasy Game 2 / Epic Stock Media","85507dd22558395ddd93a6e6f40fc0b235141bb47fca7a4fbba198ec638dba1d"
event.forest.ambience.loop,Environment,room audio profile,Forest loaded,"sparse forest bed with clean loop point",TwoDimensional,OwnerRoot,TBD,Ambience,200,1,0,"forest ambience loop wind leaves sparse insects no birds magical calm","01 Quest Game Steady Forest Wind Gust and Insects recid 15047; 02 Farm Game Soft Breeze recid 2416; 03 Fantasy Game Dark Magic Calm Forest Insects recid 7196; all three retained","three distinct 20s source windows from 10s; stereo 48kHz/24-bit; 1s loop crossfade with no endpoint fades; normalize peak to -16dBFS",Assets/FPGDemo/Audio/Forest/Ambience/AMB_Forest_Bed_01..03.wav,BoundAndValidated,"F:\Audio\Epic Stock Media\【ESM】探索冒险类-Quest Game_Epic Stock Media\01-环境循环-Ambience Loops\自然环境循环-Nature;F:\Audio\Epic Stock Media\【ESM】农场游戏类-Farm Game_Epic Stock Media\03-自然循环-Nature Loops;F:\Audio\Epic Stock Media\【ESM】奇幻冒险类第二辑-Fantasy Game 2_Epic Stock Media\01-环境-Ambience\Nature【自然】","Quest Game + Farm Game + Fantasy Game 2 / Epic Stock Media","c0494f3a15b13788f5b85759338d07c0080a890a31656c00837574bc55685f37;38159504b09959965e25686876e77f4a6826599ed76a6f2ce22d3f9728b2f2b7;e8df476e09e2f64b3b9ca24c2eb9b1a7efa38ebfc587582afece8c198be2e8dc"
event.forest.music.exploration,Music,music director,Exploration,"restrained exploration loop leaving headroom for combat cues",TwoDimensional,OwnerRoot,TBD,Music,220,1,0,"forest exploration game music restrained loop","Fantasy Game 2 Light Enchanted Forest Full Instrumental; recid 9648; user selected candidate 01 only","stereo 48kHz/24-bit; retain full loop; 100ms deterministic loop crossfade; normalize peak to -12dBFS",Assets/FPGDemo/Audio/Forest/Music/MUS_Forest_Exploration_01.wav,BoundAndValidated,"F:\Audio\Epic Stock Media\【ESM】奇幻冒险类第二辑-Fantasy Game 2_Epic Stock Media\17-奇幻冒险组件-Fantasy Game\15-音乐性-Music","Fantasy Game 2 / Epic Stock Media","d60434a3ce31c0e0338fb9cd4b8c214adc196dc180ab7a36985ee6542017e43f"
event.forest.music.combat,Music,music director,Combat,"driving combat loop with warning headroom",TwoDimensional,OwnerRoot,TBD,Music,220,1,0,"forest combat game music rhythmic loop urgent","Fantasy Game 2 Dark Combat Neutral; recid 9636; user selected candidate 01 only","stereo 48kHz/24-bit; retain full loop; 100ms deterministic loop crossfade; normalize peak to -10dBFS",Assets/FPGDemo/Audio/Forest/Music/MUS_Forest_Combat_01.wav,BoundAndValidated,"F:\Audio\Epic Stock Media\【ESM】奇幻冒险类第二辑-Fantasy Game 2_Epic Stock Media\17-奇幻冒险组件-Fantasy Game\15-音乐性-Music","Fantasy Game 2 / Epic Stock Media","c1aad8026a4a63dcff657d422c2a9ff9c8a1ccbb66228b419b99521a1d332801"
event.forest.music.victory,Music,music director,Victory,"short victory stinger then exploration return",TwoDimensional,OwnerRoot,TBD,Music,210,1,0.5,"game victory stinger short forest","Farm Game task-complete musical recid 2514; user selected candidate 01 only","stereo 48kHz/24-bit; preserve full one-shot; 2ms fade-in; 30ms fade-out; normalize peak to -5dBFS",Assets/FPGDemo/Audio/Forest/Music/MUS_Forest_Victory_01.wav,BoundAndValidated,"F:\Audio\Epic Stock Media\【ESM】农场游戏类-Farm Game_Epic Stock Media\05-通知-Notifications","Farm Game / Epic Stock Media","b9581a1831167bc14e08739f68167ca93e111b6bdcf866e32ce0dc47ff9ea9cf"
event.forest.music.defeat,Music,music director,Defeat,"short defeat stinger",TwoDimensional,OwnerRoot,TBD,Music,210,1,0.5,"game defeat stinger short","BOOM Anime Essentials Light Magic Downer recid 2626; user selected candidate 01 only","select first clean source variation by waveform activity; stereo 48kHz/24-bit; 2.75s; 2ms fade-in; 40ms fade-out; normalize peak to -5dBFS",Assets/FPGDemo/Audio/Forest/Music/MUS_Forest_Defeat_01.wav,BoundAndValidated,"F:\Audio\BOOM LIBRARY\FX13-动漫设计合集-Anime Essentials_Boom Library\05-尖锐-STINGER","Anime Essentials / BOOM Library","e11df67a402519aff2dc912da7ebbb5d54ee324a61c75bfa94fcabd1f015e891"
event.fei.reload.commit.0,Fei,reload commit,40,mechanical reload commit at authored tick,WorldPositioned,OwnerRoot,TBD,SFX,75,1,0.2,game stylized reload click ratchet snap short,"SFX_Fei_Reload_01..05.wav; Epic Stock Media Fantasy Game 2 Mechanical Click recids 9956/9957/9959/9955/9958; all five approved",mono 48kHz/24-bit; retain five sibling clicks; 1ms fade-in; 12ms fade-out; normalize peak to -6dBFS,Assets/FPGDemo/Audio/Forest/SFX/SFX_Fei_Reload_01..05.wav,BoundAndValidated,D:\Unity\NewFPG_AudioWork\Forest\approved\event_fei.reload.commit.0\SFX_Fei_Reload_01..05.wav,"Fantasy Game 2 / Epic Stock Media",602beb668aff766aede47769c9754e4938068e75bfdcb0bf9b04d6db6307433d;981b99073d240f544608292f59cb51da856110c012cb3635d18f046293c7f48a;70502d5d42e42d5e2151f1203bb84c625510ec6df6a720b8220d52b08acb8afb;739e6618a89629370d6abd8f6920286d46c44452858d6f0817eba3546f44e56f;4394716f4a481ddf1cd197ddf412a59b13ec720dffc1a5379c6070a189685a5f
presentation.fei.secondary.execute.audio.0,Fei,secondary immediate launch,0,compact arcane energy projectile launch with a clear muzzle accent,WorldPositioned,OwnerSocket,weapon.secondary.muzzle,SFX,70,2,0.08,game magic sci fi projectile launch muzzle burst,"KHRON Luminous Projectile siblings 04/07/08/09/12; recids 2279/2281/2282/2283/2286; all five approved","per-source onset trim 0.16-0.25s; mono fold-down; 0.320s total; 1ms fade-in; 14ms fade-out; +2.5dB 70ms transient emphasis; gentle saturation; normalize peak to -5dBFS; 48kHz/24-bit",Assets/FPGDemo/Audio/Forest/SFX/SFX_Fei_Secondary_Immediate_Launch_01..05.wav,BoundAndValidated,F:\Audio\KHRON STUDIO（中译）\【KHRON】魔法咒语召唤法术第二辑-Spells Variations Vol 1_Khron Studio\发光投射物-Luminous Projectile,Spells Variations Vol 2 / KHRON,"cc00e29666b4b3b57b5e3b4e877d681d4ea440b39a407e06940e092a804466b2;28cdb071a170d7455747d37e695799794cd9afd4c8459ba940fc6a61dc4bb591;2ce120f67a3df8e71a17d9bcc8315c2b5148e5eef17512dc883bbd96fdeaa310;21074391c633b1841f8e2c3ff1bab371698ffd4af0130fe579b1206c6ff5178e;c8269125f8dc41474a7bd16cb0b38023b5e4820d942a7ee03f1cfa5b4f619faa"
event.fei.secondary.execute.impact.base,Fei,secondary immediate impact,hit,compact magical electric projectile impact with more body than the primary hit,WorldPositioned,OwnerRoot,TBD,SFX,45,3,0.08,game magic cartoon sci fi projectile impact short burst,"KHRON Electrified Impact 01; recid 2844; candidate 01 selected","mono fold-down; 0.340s; 1ms fade-in; 12ms fade-out; +1.5dB transient contour over 70ms; gentle saturation; normalize peak to -5dBFS; 48kHz/24-bit",Assets/FPGDemo/Audio/Forest/SFX/SFX_Fei_Secondary_Immediate_Hit_01.wav,BoundAndValidated,"F:\Audio\KHRON STUDIO（中译）\【KHRON】魔法咒语召唤法术第一辑-Spells Variations Vol 1_Khron Studio\电击冲击-Electrified Impact",Spells Variations Vol 1 / KHRON,12add83da675451a0d1bce25408e184e85f3530f1ceb22895b4c889d56da5cec
event.fei.secondary.execute.impact.weakpoint,Fei,secondary immediate weakpoint,hit,reinforced version of the selected base impact with the same sound identity,WorldPositioned,OwnerRoot,TBD,SFX,70,2,0.1,derived from approved KHRON Electrified Impact 01 base master,"SFX_Fei_Secondary_Immediate_Weakpoint_01.wav","layer base source with its own -3 semitone copy at -9dB and 2ms delay; +3.5dB transient contour over 60ms; stronger saturation; 0.340s mono; normalize peak to -3.5dBFS; 48kHz/24-bit",Assets/FPGDemo/Audio/Forest/SFX/SFX_Fei_Secondary_Immediate_Weakpoint_01.wav,BoundAndValidated,D:\Unity\NewFPG_AudioWork\Forest\approved\event.fei.secondary.execute.impact\SFX_Fei_Secondary_Immediate_Hit_01.wav,Derived from Spells Variations Vol 1 / KHRON,12add83da675451a0d1bce25408e184e85f3530f1ceb22895b4c889d56da5cec
presentation.fei.secondary.charge.audio.0,Fei,secondary charge start,ChargeEnter tick 0,compact magical sci-fi charge ignition with an immediate readable onset,WorldPositioned,OwnerSocket,weapon.secondary.muzzle,SFX,70,1,0.15,game magic sci fi arcane energy charge start power up buildup ignition short,"Fantasy Game 2 Magic Ice Charging Glassy Spin recid 9067 selected as pair 01; pairs 02-05 remain outside Unity","same-source onset extraction; 0.650s; mono fold-down; 2ms fade-in; 24ms fade-out; +1.5dB transient contour over 85ms; gentle saturation; normalize peak to -6dBFS; 48kHz/24-bit",Assets/FPGDemo/Audio/Forest/SFX/SFX_Fei_Secondary_Charge_Start_01.wav,BoundAndValidated,"F:\Audio\Epic Stock Media\【ESM】奇幻冒险类第二辑-Fantasy Game 2_Epic Stock Media\17-奇幻冒险组件-Fantasy Game\10-魔法-Magic\Ice【冰】",Fantasy Game 2 / Epic Stock Media,45fe756f9ba186c169b32119d5f405b9fc5f5243e57146293463d6c9b2bd1419
presentation.fei.secondary.charge.hold.0,Fei,secondary charge held layer,ChargeEnter tick 0 through ChargeLoop,restrained magical energy loop that sustains charge without masking warnings,WorldPositioned,OwnerSocket,weapon.secondary.muzzle,SFX,85,1,0.15,game magic sci fi arcane energy charge loop hum pulse sustained power,"Fantasy Game 2 Magic Ice Charging Glassy Spin recid 9067 selected as pair 01; pairs 02-05 remain outside Unity","same-source central extraction; 1.370s seamless loop; 80ms loop crossfade; mono fold-down; no boundary fade; gentle saturation; normalize peak to -12dBFS; 48kHz/24-bit",Assets/FPGDemo/Audio/Forest/SFX/SFX_Fei_Secondary_Charge_Hold_01.wav,BoundAndValidated,"F:\Audio\Epic Stock Media\【ESM】奇幻冒险类第二辑-Fantasy Game 2_Epic Stock Media\17-奇幻冒险组件-Fantasy Game\10-魔法-Magic\Ice【冰】",Fantasy Game 2 / Epic Stock Media,45fe756f9ba186c169b32119d5f405b9fc5f5243e57146293463d6c9b2bd1419
presentation.fei.secondary.release.audio.0,Fei,secondary charge release,0,charged release punch from secondary muzzle,WorldPositioned,OwnerSocket,weapon.secondary.muzzle,SFX,75,2,0.1,game magic sci fi charged release muzzle burst,"KHRON Arcane Snap recids 2856-2859 and Anime Game Electric Magic Attack recids 17830/17866/17867; all seven approved","mono fold-down; 0.40-0.68s; 1ms fade-in; 14ms fade-out; +2dB transient contour over 75ms; gentle saturation; normalize peak to -4dBFS; 48kHz/24-bit",Assets/FPGDemo/Audio/Forest/SFX/SFX_Fei_Secondary_Charge_Release_01..07.wav,BoundAndValidated,"F:\Audio\KHRON STUDIO（中译）\【KHRON】魔法咒语召唤法术第一辑-Spells Variations Vol 1_Khron Studio\神秘瞬发-Arcane Snap;F:\Audio\Epic Stock Media\【ESM】日式动漫游戏技能打斗类-Anime Game_Epic Stock Media\16-动漫游戏组件-Anime Game\魔法-Magic\Electric【电能】","Spells Variations Vol 1 / KHRON; Anime Game / Epic Stock Media",a80feaa6303d58ba88677ca1324c271411b8e5b7d4aa29829aeb5db0d028792e;a9e6f4123ccacf03156307bf050cb6cf5a483b6970e6e66d8d5a9b130619ee60;324fbe61bf98dd4952fec15e0e9c7927ad8d2a45e779e34ae95a49fe0da3d971;313ce070b3bec5bdb253fb1ee16dd23c257544422a1f3a478f78b4397d8572a2;6c0e9d93791f2edad839d82cec05d3baad4c65f19a06ff3505e9f4683633bae8;477746b26dfc77057a602ee2aa2274bd337abe1a231bb6eef92d23b9ce5c4d8a;3c491d56460ddd1dc32113d0787b4ca7a892e7a076e62f45a9d79d6ad854b575
presentation.fei.secondary.cancel.audio.0,Fei,secondary charge cancel,cancel,short cancel release punctuation,WorldPositioned,OwnerRoot,TBD,SFX,45,1,0.12,game sci fi charge cancel short cutoff,"Metroidvania deactivated synth-energy recids 21990/21989/21988 and Retro Game recids 5720/5748; all five approved","repair malformed source WAV headers into external work copies; mono fold-down; 0.46-0.66s; 2ms fade-in; 18ms fade-out; restrained transient contour; normalize peak to -8dBFS; 48kHz/24-bit",Assets/FPGDemo/Audio/Forest/SFX/SFX_Fei_Secondary_Charge_Cancel_01..05.wav,BoundAndValidated,"F:\Audio\Epic Stock Media\【ESM】横轴动作游戏类-Metroidvania Game SFX_Epic Stock Media\12-效果-Effect;F:\Audio\Epic Stock Media\【ESM】复古游戏类-Retro Game_Epic Stock Media","Metroidvania Game SFX / Epic Stock Media; Retro Game / Epic Stock Media",17b6b3e63ed38e341852e8cee13492f30ae39936bc33d8efe23270fade2a01aa;e9201ae42e80c8c31dc93c60945bbd9c4f748184739b1bce563852b74bf12bd6;83e2619f4159532cb5f65d0fe1961c5237f6a0253240dd21fab25ed682e9decf;e48728c5c7d5350558e29ff5cea04f49a1f3fb4b69e1ba624cb2bb242d5c8fa0;9b22acfa31fc953a13b30072fa1e7e7f3c1bcee2343a7f32ccfe4334e8e2ba7f
event.fei.secondary.release.impact.base,Fei,secondary charged impact,hit,clean charged projectile impact base,WorldPositioned,OwnerRoot,TBD,SFX,50,3,0.1,game magic sci fi charged impact short burst,"Fantasy Game 2 Magic Ice Impact Charged Large Hit 02; recid 9073; candidate pair 02 selected; pairs 01/03 remain outside Unity","trim directly onto the main hit; mono fold-down; 0.680s; 1ms fade-in; 18ms fade-out; +1.75dB transient contour over 75ms; gentle saturation; normalize peak to -4dBFS; 48kHz/24-bit",Assets/FPGDemo/Audio/Forest/SFX/SFX_Fei_Secondary_Charge_Hit_02.wav,BoundAndValidated,"F:\Audio\Epic Stock Media\【ESM】奇幻冒险类第二辑-Fantasy Game 2_Epic Stock Media\17-奇幻冒险组件-Fantasy Game\10-魔法-Magic\Ice【冰】",Fantasy Game 2 / Epic Stock Media,f2f6b24eec7fd872483fc4b4221a9128dc8ab16d4a48bbd5dc585bc5b9b93b9b
event.fei.secondary.release.impact.weakpoint,Fei,secondary charged weakpoint,hit,bright reinforced charged weakpoint impact,WorldPositioned,OwnerRoot,TBD,SFX,75,2,0.12,derived from approved Magic Ice charged impact pair 02,"SFX_Fei_Secondary_Charge_Weakpoint_02.wav; derived from selected candidate pair 02; pairs 01/03 remain outside Unity","derive from paired base source; add same-source +5 semitone layer at -10dB with 2ms delay; +3.5dB transient contour over 65ms; stronger saturation; normalize peak to -2.75dBFS; 48kHz/24-bit",Assets/FPGDemo/Audio/Forest/SFX/SFX_Fei_Secondary_Charge_Weakpoint_02.wav,BoundAndValidated,D:\Unity\NewFPG_AudioWork\Forest\approved\event.fei.secondary.release.impact\SFX_Fei_Secondary_Charge_Hit_02.wav,Derived from Fantasy Game 2 / Epic Stock Media,f2f6b24eec7fd872483fc4b4221a9128dc8ab16d4a48bbd5dc585bc5b9b93b9b
event.burstbug-interceptable-volley.telegraph,Burstbug,volley telegraph,0-66,three-stage digital scan warning that clearly announces an interceptable volley,WorldPositioned,OwnerRoot,attack.origin,SFX,75,1,0.2,designed game arcade sci fi digital scan rise alert signal beep short,"Metroidvania scan recids 21994/22007/22008 layered with BOOM signal beep recids 19962/19963/19964; all three approved","per-sibling digital scan layer; three ascending mid-frequency signal pulses; mono fold-down; DC removal; 2ms fade-in; 12ms fade-out; normalize peak to -5dBFS",Assets/FPGDemo/Audio/Forest/SFX/SFX_Burstbug_Volley_Telegraph_01..03.wav,BoundAndValidated,"F:\Audio\Epic Stock Media\【ESM】横轴动作游戏类-Metroidvania Game SFX_Epic Stock Media\12-效果-Effect; F:\Audio\BOOM LIBRARY\FX65-未来科幻界面-Future Technology_Boom Library","Metroidvania Game SFX / Epic Stock Media; Future Technology / BOOM Library","dc5dbd3c02c30746475255a54e60582373c86475871ce6cb99a574c134bd135d;b12e9c58ea00ab5ee9c0c4e0897ba2e383beebd19c9a49dfc28dd39a3a625db3;273ae9b7ee1ff4b587fde68acc5d33165ddf9bcb3fcc13fc0a00c5d3e391ec37;a245bfc2302e76cfa670a4d4b2357afcb32fcbccc15667b735b21ff647331fd0;8b14c05b777d35296fb333f4ce075504566dde1a3cb25addb5892a9393189d2a;c9f50fc2ff31454919771db6cf0599d1994ab79fb0a60d62d8378c9878ee1adc"
event.burstbug-interceptable-volley.release,Burstbug,volley release,66,compact three-shot magical-electric release punctuation,WorldPositioned,OwnerRoot,attack.origin,SFX,65,3,0.08,magic electric quick snipe attack precise short whistle sharp punchy crisp spark crackle,"Fantasy Game 2 Magic Electric Quick Snipe siblings recids 8937/8938/8939/8967/8968; all five approved","each sibling layered as a rising three-shot burst at -1.5/0/+1.5 semitones and 0/72/144ms; crop to 0.420s; mono fold-down; DC removal; 1ms fade-in; 12ms fade-out; transient boost; normalize peak to -4.5dBFS",Assets/FPGDemo/Audio/Forest/SFX/SFX_Burstbug_Volley_Release_01..05.wav,BoundAndValidated,"F:\Audio\Epic Stock Media\【ESM】奇幻冒险类第二辑-Fantasy Game 2_Epic Stock Media\17-奇幻冒险组件-Fantasy Game\10-魔法-Magic\Electric【电子产品】","Fantasy Game 2 / Epic Stock Media","6759fc267c5d4773f567afeb1d9623018bec30c8a7f83baff9ff47588f807134;c604b3771aa5de43d315e55d7e45029767876b975d4e84bb39561d84efbe1a9f;136fa343a83f972e0af3f3cde52d266a90a980485dadfd220e9fc82d135231b5;c4d24d767b397873e986b94ae3694af931f164aac5c0295b5a329a4afb3b801f;0e25134b34d345d0c80e873a546ac897ced88e7ef149fa21241dd88a67e515df"
event.burstbug-interceptable-volley.projectile,Burstbug,volley projectile,66,light enchanted chime identity for the three interceptable projectiles,WorldPositioned,OwnerRoot,attack.origin,SFX,35,3,0.05,game arcade cartoon magic energy projectile flight chime buzz whoosh short light,"KHRON Little Chime of Enchanted Speed recids 2969/2970/2968/2960/2961/2962; all six approved","per-sibling crop to at most 0.620s; mono fold-down; DC removal; 2ms fade-in; 18ms fade-out; subtle transient boost; normalize peak to -9dBFS",Assets/FPGDemo/Audio/Forest/SFX/SFX_Burstbug_Volley_Projectile_01..06.wav,BoundAndValidated,"F:\Audio\KHRON STUDIO（中译）\【KHRON】魔法咒语召唤法术第一辑-Spells Variations Vol 1_Khron Studio\魔法速度的小铃铛-Little Chime of Enchanted Speed","Spells Variations Vol 1 / KHRON","10fd66b1dfe94bfc95d11532ff3b995b4fbf09d0420ecf2259ff4c371778f59c;2b75c716c7cf7ef3dd0a45955cda90246e9a31bff6789e22106f7263abe0512a;3d143bab8aec36c44216f86bc0bc22d381283851c200ab2cf80c9fadba810bf9;04b3ad6ef940e9754e7258c83474aedf4afedf02af1ee88c77f262dad4f6d562;11ff775d35b4a003ba83e9aab18c7df6b405ca4bbee13af82d18dd73f2bb6d46;c4cc8499c53b7b02f98d2c96baa1774fe4e21a12b61a40869ac287bc42fff788"
event.burstbug-interceptable-volley.interception,Burstbug,volley interception,intercepted,crisp positive arcade punctuation for destroying an interceptable projectile,WorldPositioned,OwnerRoot,impact.position,SFX,70,2,0.08,game arcade cartoon magic projectile interception deflect burst pop spark positive short crisp,"Epic Retro Game Simple Impact recids 5589/5590/5591 layered with KHRON enchanted chime recids 2969/2970/2968; all three approved","impact layer +1.5 semitones; quiet chime layer +7 semitones at 12ms; crop to 0.300s; mono fold-down; DC removal; 1ms fade-in; 10ms fade-out; transient boost; normalize peak to -5dBFS",Assets/FPGDemo/Audio/Forest/SFX/SFX_Burstbug_Volley_Interception_01..03.wav,BoundAndValidated,"F:\Audio\Epic Stock Media\【ESM】复古游戏类-Retro Game_Epic Stock Media\03-打击和武器-Impacts And Weapon; F:\Audio\KHRON STUDIO（中译）\【KHRON】魔法咒语召唤法术第一辑-Spells Variations Vol 1_Khron Studio\魔法速度的小铃铛-Little Chime of Enchanted Speed","Retro Game / Epic Stock Media; Spells Variations Vol 1 / KHRON","71c6dbc907960055129095956a7cd516f2439ccdcec8c16a3bca7e8da4ce2d02;7d7bab50838287b2eedc3380157e3dbd5f51de3fe0bc7f54ef6d47a01d1943a4;524f0e10e2e9ed76a6d3bf350b16aad302cefcbc6ea8b6e149e80a369b69a47b;10fd66b1dfe94bfc95d11532ff3b995b4fbf09d0420ecf2259ff4c371778f59c;2b75c716c7cf7ef3dd0a45955cda90246e9a31bff6789e22106f7263abe0512a;3d143bab8aec36c44216f86bc0bc22d381283851c200ab2cf80c9fadba810bf9"
event.burstbug-interceptable-volley.impact,Burstbug,volley impact,hit,compact magical projectile explosion without the Fast Hit needle layer,WorldPositioned,OwnerRoot,impact.position,SFX,45,3,0.08,game arcade cartoon magic energy projectile impact blast burst explosion short tight,"KHRON Little Arcane Blast recids 2693/2694/2691/2692/2695/2696; all six approved","per-sibling crop to 0.360s; mono fold-down; DC removal; 1ms fade-in; 10ms fade-out; transient boost; light saturation; normalize peak to -5dBFS",Assets/FPGDemo/Audio/Forest/SFX/SFX_Burstbug_Volley_Impact_01..06.wav,BoundAndValidated,"F:\Audio\KHRON STUDIO（中译）\【KHRON】魔法咒语召唤法术第一辑-Spells Variations Vol 1_Khron Studio\小奥术冲击-Little Arcane Blast","Spells Variations Vol 1 / KHRON","c1acce3d0b6c3ad73048d9a668da2cd4c06b901be40014f95d5e197bc46b3b9d;59166f3359d34998d1a63b9fc2e1791bc01ece998723fe52408e44aae7a3bef7;1b82342628981d20600569c1c4e71ca927746b0dfacc3129268ec17989145a6d;78cdb937618e729e89226cda7c6529e814ef43ba0846d4ae2e28f1e22cbffd81;f5172beadf53326d2090070b166be0ef8f881abbeec6a93f0019214174d4f85e;63c09140bc436ee07cecf0e37f95bff2862753eb487720ff1c636b83ed568441"
event.burstbug-heavy-weakpoint-break.telegraph,Burstbug,heavy telegraph,0-135,heavy attack warning,WorldPositioned,OwnerRoot,attack.origin,SFX,80,1,0.2,game arcade heavy enemy warning sci fi charge,"Anime Game Water Heavy Charge recids 18020/18021/18046/18064; all four approved","crop each sibling before its main burst; mono fold-down; 2ms fade-in; 24ms fade-out; transient contour; normalize peak to -5dBFS; 48kHz/24-bit",Assets/FPGDemo/Audio/Forest/SFX/SFX_Burstbug_Heavy_Telegraph_01..04.wav,BoundAndValidated,"F:\Audio\Epic Stock Media\【ESM】日式动漫游戏技能打斗类-Anime Game_Epic Stock Media\16-动漫游戏组件-Anime Game\魔法-Magic\Water【水】",Anime Game / Epic Stock Media,"41e0e81d94f524f993bb9fb40fbd7b0302c8cc187030bb7a307c61cc87efdda4;172812807c563c16793b5f087ce0e771305d5a46250fb650658329c64d4cd021;0c7aa2e8be86bf2b38e5285735bbecb9855663d9239e738c6a638a0b0a097913;0e1edd787caab4c7f93172798093c838132283564f7ccdda0b6a69e5911580d2"
event.burstbug-heavy-weakpoint-break.danger-tick,Burstbug,heavy danger tick,authored warning ticks,visible danger countdown punctuation,WorldPositioned,OwnerRoot,attack.origin,SFX,85,1,0.12,game arcade danger tick escalating warning,"BOOM Future Technology FX Signal Warning Fast recids 19931/19932/19933; all three approved","mono fold-down; 0.310s; 1ms fade-in; 10ms fade-out; restrained transient contour; normalize peak to -6dBFS; 48kHz/24-bit",Assets/FPGDemo/Audio/Forest/SFX/SFX_Burstbug_Heavy_DangerTick_01..03.wav,BoundAndValidated,"F:\Audio\BOOM LIBRARY\FX65-未来科幻界面-Future Technology_Boom Library",Future Technology / BOOM Library,"7609d238d20bc93e3cb52926edefee0904d26eb82368e278fd1a1328884b3c6f;4861d2b1e2dc66a30b4f36bdd779d53fa2e8991c8abe280ff3940a182e1f0c93;c84a776385d30415c02148899daa8fe064e98780d8ac72d01c4957833c6e85aa"
event.burstbug-heavy-weakpoint-break.release,Burstbug,heavy release,135,heavy attack release,WorldPositioned,OwnerRoot,attack.origin,SFX,65,1,0.12,game arcade heavy enemy release burst,"main bursts paired from Anime Game Water Heavy Charge recids 18020/18021/18046/18064; all four approved","crop directly onto each paired main burst; mono fold-down; 0.460s; 1ms fade-in; 14ms fade-out; transient contour and gentle saturation; normalize peak to -4dBFS; 48kHz/24-bit",Assets/FPGDemo/Audio/Forest/SFX/SFX_Burstbug_Heavy_Release_01..04.wav,BoundAndValidated,"F:\Audio\Epic Stock Media\【ESM】日式动漫游戏技能打斗类-Anime Game_Epic Stock Media\16-动漫游戏组件-Anime Game\魔法-Magic\Water【水】",Anime Game / Epic Stock Media,"41e0e81d94f524f993bb9fb40fbd7b0302c8cc187030bb7a307c61cc87efdda4;172812807c563c16793b5f087ce0e771305d5a46250fb650658329c64d4cd021;0c7aa2e8be86bf2b38e5285735bbecb9855663d9239e738c6a638a0b0a097913;0e1edd787caab4c7f93172798093c838132283564f7ccdda0b6a69e5911580d2"
event.burstbug-heavy-weakpoint-break.impact.base,Burstbug,heavy impact,135,heavy impact base,WorldPositioned,OwnerRoot,impact.position,SFX,55,2,0.12,game arcade explosion magic heavy impact short,"Fantasy Game 2 Magic Electric Punch recids 8940/8941/8942/8943; all four approved","per-sibling onset crop; mono fold-down; 0.520s; 1ms fade-in; 14ms fade-out; +2dB transient contour over 70ms; gentle saturation; normalize peak to -4dBFS; 48kHz/24-bit",Assets/FPGDemo/Audio/Forest/SFX/SFX_Burstbug_Heavy_Impact_01..04.wav,BoundAndValidated,"F:\Audio\Epic Stock Media\【ESM】奇幻冒险类第二辑-Fantasy Game 2_Epic Stock Media\17-奇幻冒险组件-Fantasy Game\10-魔法-Magic\Electric【电子产品】",Fantasy Game 2 / Epic Stock Media,"8b4f339b19baab12739ebe272a9046ae2823a60bfb01355d1753a8b093850874;e2ce2e660f10fdae580fd8cbcc45b1384023ec2deca1ba91eeb8c1e655622e61;e7a4778c32cb5d7bdcd317271669db273ce38f48ed452f1a1df92f3db5ec2841;ed6cbad868903a566e06515a9172dc9687318f0e09f7760df34c2818d620f25a"
event.burstbug-heavy-weakpoint-break.impact.weakpoint,Burstbug,heavy weakpoint,135,heavy reinforced weakpoint break,WorldPositioned,OwnerRoot,impact.position,SFX,80,2,0.15,game arcade explosion metal energy weakpoint break,"paired reinforced derivatives of C04 base candidates 01-04; all four approved","layer each paired base source with its own +5 semitone copy at -9dB and 2ms delay; +3.5dB transient contour over 65ms; stronger saturation; 0.520s mono; normalize peak to -2.75dBFS; 48kHz/24-bit",Assets/FPGDemo/Audio/Forest/SFX/SFX_Burstbug_Heavy_Weakpoint_01..04.wav,BoundAndValidated,D:\Unity\NewFPG_AudioWork\Forest\approved\event.burstbug-heavy-weakpoint-break.impact.base,Derived from Fantasy Game 2 / Epic Stock Media,"4060be46bbf0a0b68592b68c8b64e18eec2a7cd1115c37305bcb6a0437b3cc9d;8b0427cc5d719b8ff1574c48bd9566b9aa16d059ed697a84df706858cce990dc;4858f1810e4964f60cad13409454167dda6b461a12a3d622db922305494be6a3;07e3ce5ad37e88a1615034aa2dba4e3e4a9c92501662918600d3b9058c45c235"
event.hudie-projectile.launch,Hudie,projectile launch,49,Hudie projectile launch identity,WorldPositioned,OwnerRoot,,SFX,50,2,0.08,game arcade magic fairy butterfly projectile launch cast spark pulse whoosh short,"Phantom Magic cast-whoosh recids 10630/10631/10618/10607 layered with paired Anime Game electric flutter recids 17864/17863/17856/17857; all four retained","per-pair mono fold-down; flutter layer +3 semitones at -13dB with 6ms delay; crop to 0.420s; 1ms fade-in; 14ms fade-out; transient contour; light saturation; normalize peak to -6dBFS; 48kHz/24-bit","Assets/FPGDemo/Audio/Forest/SFX/SFX_Hudie_Projectile_Launch_01..04.wav",BoundAndValidated,"F:\Audio\Epic Stock Media\【ESM】幻影魔法类-Phantom Magic_Epic Stock Media\12-魔法划过-Spell Whooshes; F:\Audio\Epic Stock Media\【ESM】日式动漫游戏技能打斗类-Anime Game_Epic Stock Media\16-动漫游戏组件-Anime Game\魔法-Magic\Electric【电能】",Phantom_Magic + Anime Game / Epic Stock Media,"d0f623f5f46e3fe11eb8a11cbb860bab831bf325a35b3c8d69eea11143fff4b3;09457e518eef198eae0681f1014103dfeea433f853b196527677680747ecd29d;7971d715837d0690ad8471c60a9bbac729ab69a80955b643e895f5cba518ac3d;4cb68c713524999301122efbd84490d6c30e3a94f549d26b69b0b82057431034;04674f0503b4c2409ad013e5a4e58839242e98db7bb9d2920119a938b70feef2;3a8732bed19c8a9436672c1d79e14c9adf7873cd5a40898bf9b3c39a345a705d;dc45b0be8265617fb6c6687ca7200e3395e3a8796fd1ae37f24d653fc502a3e7;4dede0491eb6f500b0c56f661f7e373dd31dd598b28eaa3ddfd29a3b75a8dc79"
event.hudie-projectile.flight,Hudie,projectile flight,49,distinct Hudie projectile flight,WorldPositioned,OwnerRoot,,SFX,25,2,0.05,game arcade magic butterfly fairy flutter wing buzz shimmer projectile flight loop short,"Anime Game Magic Electric Static Malfunction Zap Glitch Shock Solo Flutter recids 17864/17863/17856/17857/17872; all five retained","per-sibling mono fold-down; crop to 0.580s to match the 36-tick flight window; 3ms fade-in; 24ms fade-out; restrained transient contour; light saturation; normalize peak to -9dBFS; 48kHz/24-bit","Assets/FPGDemo/Audio/Forest/SFX/SFX_Hudie_Projectile_Flight_01..05.wav",BoundAndValidated,"F:\Audio\Epic Stock Media\【ESM】日式动漫游戏技能打斗类-Anime Game_Epic Stock Media\16-动漫游戏组件-Anime Game\魔法-Magic\Electric【电能】",Anime Game / Epic Stock Media,"04674f0503b4c2409ad013e5a4e58839242e98db7bb9d2920119a938b70feef2;3a8732bed19c8a9436672c1d79e14c9adf7873cd5a40898bf9b3c39a345a705d;dc45b0be8265617fb6c6687ca7200e3395e3a8796fd1ae37f24d653fc502a3e7;4dede0491eb6f500b0c56f661f7e373dd31dd598b28eaa3ddfd29a3b75a8dc79;4cce2eae6a4a9cc675c4ca74aa2ae49b7797d73d26d704cc9fde4d2e99833250"
event.hudie-projectile.impact.base,Hudie,projectile impact,hit,Hudie impact base,WorldPositioned,OwnerRoot,,SFX,40,2,0.08,game anime magic spell projectile attack hit impact short bubbly tonal debuff piercing rich layered crisp pop burst,"Anime Game Bubbly Deep Tonal Debuff Impact recids 17917/17989/17990/17991; all four retained","per-sibling mono fold-down; trim to main impact at 0.17-0.25s; crop to 0.340s; 1ms fade-in; 12ms fade-out; transient contour; light saturation; normalize peak to -6dBFS; 48kHz/24-bit",Assets/FPGDemo/Audio/Forest/SFX/SFX_Hudie_Projectile_Impact_01..04.wav,BoundAndValidated,D:\Unity\NewFPG_AudioWork\Forest\approved\event.hudie-projectile.impact.base,Anime Game / Epic Stock Media,"f5954a421f09b87d8fe969c57e8e2fe3e35b76ebafb5cc24d7a2af4d59bfe38a;0df1bb6ade429a5e95acb9c338fa0d5eff1553a4bacf0c76185e45f93d44dbd7;826a0ee78d0590266a7645da3553f4955cd7c67b886cb401d357969f8b3c47aa;9d203afe6095f15fe97d0064a504d40a19550df8c0f6aac32746044ea97068bc"
event.hudie-projectile.impact.weakpoint,Hudie,projectile weakpoint,hit,Hudie reinforced weakpoint impact,WorldPositioned,OwnerRoot,,SFX,60,2,0.1,game anime magic spell projectile attack hit impact short bubbly tonal debuff piercing rich layered bright crisp spark,"paired reinforced derivatives of Anime Game recids 17917/17989/17990/17991; all four retained","same source and trim as paired base; add a -10dB same-source layer pitched +5 semitones with 2ms delay; stronger transient contour; light saturation; normalize peak to -5dBFS; 48kHz/24-bit",Assets/FPGDemo/Audio/Forest/SFX/SFX_Hudie_Projectile_Weakpoint_01..04.wav,BoundAndValidated,D:\Unity\NewFPG_AudioWork\Forest\approved\event.hudie-projectile.impact.weakpoint,Derived from Anime Game / Epic Stock Media,"f5954a421f09b87d8fe969c57e8e2fe3e35b76ebafb5cc24d7a2af4d59bfe38a;0df1bb6ade429a5e95acb9c338fa0d5eff1553a4bacf0c76185e45f93d44dbd7;826a0ee78d0590266a7645da3553f4955cd7c67b886cb401d357969f8b3c47aa;9d203afe6095f15fe97d0064a504d40a19550df8c0f6aac32746044ea97068bc"
event.luan-summon.telegraph,Luan,summon telegraph,tick 0-44,compact magical summon charge and rise,WorldPositioned,OwnerRoot,,SFX,70,1,0.18,game anime arcade magic summon telegraph portal charge rise shimmer pulse warning short,"Anime Game Summon Shine Cast Bubble Charged Energy Blast Burst recids 17913/17934/17943/17944/17953/17954/17955; all seven paired telegraph siblings retained","split each sibling before its measured main burst; 0.540-0.720s mono to fit the 44-tick warning window; 2ms fade-in; 14ms fade-out; restrained transient contour and saturation; normalize peak to -6dBFS; 48kHz/24-bit",Assets/FPGDemo/Audio/Forest/SFX/SFX_Luan_Summon_Telegraph_01..07.wav,BoundAndValidated,D:\Unity\NewFPG_AudioWork\Forest\approved\event.luan-summon.telegraph,Anime Game / Epic Stock Media,"6dd6fda657579995c16eb29b57604ef7ffa9ca3b208fbac52e901d35aed238b5;add815f02b370d88a2e99dd7ec0bc006f54dddbe3e81dc586f6eaf4496e2deb6;5e963248c301ed8d4fb0a00b0501cdf36379b980cc9c8964716f8341f961517b;17c048044493d29327347f04feac8735d2b2ce5cf5bd590645eed2bd9225b8c4;9f500f8a82862158fec68ee11f163aa83bb5311ce086f5c4abfec980f8014b8d;4c6352c2441e737ef406542cdeab1f3c2722b2507a4b91ffe2b59f55065f15ca;b198fb22a340bf5f0c98806c4a402aa08d9b826875b9a62134f8002d8bc6cf71"
event.luan-summon.commit,Luan,summon commit,tick 44,Hudie appearance materialize punctuation,WorldPositioned,OwnerRoot,,SFX,55,1,0.15,game anime arcade magic summon appearance materialize teleport portal burst sparkle poof short,"paired main bursts from Anime Game recids 17913/17934/17943/17944/17953/17954/17955; all seven paired commit siblings retained","split each sibling at its measured main appearance burst; 0.680s mono; 1ms fade-in; 18ms fade-out; stronger transient contour and light saturation; normalize peak to -5dBFS; 48kHz/24-bit",Assets/FPGDemo/Audio/Forest/SFX/SFX_Luan_Summon_Commit_01..07.wav,BoundAndValidated,D:\Unity\NewFPG_AudioWork\Forest\approved\event.luan-summon.commit,Anime Game / Epic Stock Media,"6dd6fda657579995c16eb29b57604ef7ffa9ca3b208fbac52e901d35aed238b5;add815f02b370d88a2e99dd7ec0bc006f54dddbe3e81dc586f6eaf4496e2deb6;5e963248c301ed8d4fb0a00b0501cdf36379b980cc9c8964716f8341f961517b;17c048044493d29327347f04feac8735d2b2ce5cf5bd590645eed2bd9225b8c4;9f500f8a82862158fec68ee11f163aa83bb5311ce086f5c4abfec980f8014b8d;4c6352c2441e737ef406542cdeab1f3c2722b2507a4b91ffe2b59f55065f15ca;b198fb22a340bf5f0c98806c4a402aa08d9b826875b9a62134f8002d8bc6cf71"
event.luan-summon.self-destruct.1,Luan,owner self destruct,71,short magical owner self-destruct punctuation,WorldPositioned,OwnerRoot,,SFX,50,1,0.2,game anime arcade magic spell energy self destruct explosion blast burst pop short,"Anime Game Magic Fire Blast Light 01-04 recids 17899/17907/17909/17884; all four siblings retained","mono fold-down; crop to 0.620s around the immediate designed burst; 1ms fade-in; 20ms fade-out; restrained transient contour and saturation; normalize peak to -5dBFS; 48kHz/24-bit",Assets/FPGDemo/Audio/Forest/SFX/SFX_Luan_SelfDestruct_01..04.wav,BoundAndValidated,D:\Unity\NewFPG_AudioWork\Forest\approved\event.luan-summon.self-destruct.1,Anime Game / Epic Stock Media,"e390317919b7ef67ac96e50f9283bba9f2c4a026f25bed655bbb249362ca4457;01fcff7e5cf98533910e89c8ab94dcdca756c3f398fbd232a6630bb76af08d68;967755cef6599d973ddd659990575d755b27152fce738f921bb4b28e0e97c363;ae44619d45100ca17d72bdde425b6278885b8bd775533189aacb23de915e5f27"
event.enemy.spawn,Enemy,lifecycle,spawn,enemy spawn feedback,WorldPositioned,OwnerRoot,TBD,SFX,30,3,0.1,game arcade enemy spawn materialize burst,"Retro Game Enemy Spawn 10 / Teleport 1 / Spawn 7 / Spawn 8; recids 5813/5814/5810/5811; all four retained","mono fold-down; crop to 0.360-0.440s around the active appearance body; 1ms fade-in; 14ms fade-out; restrained transient contour and saturation; normalize peak to -6dBFS; 48kHz/24-bit",Assets/FPGDemo/Audio/Forest/SFX/SFX_Enemy_Spawn_01..04.wav,BoundAndValidated,D:\Unity\NewFPG_AudioWork\Forest\approved\event.enemy.spawn,Retro_Game_24bit / Epic Stock Media,"f3b8e20f6a18be8f104b760fd55616d93212b9aa189349b0cba314c63e4d55fd;1a11f1494670bc0899e006c6d51dcaa2d9e1ca621637e761efa7f00e94f56b77;53bc460439e6e8cd3c0058832e23ef3c369e172bd527ecd60a13ad07cce1d263;6b4bef5f37d924ba58657f5109ab9967ccfc21ca77531f10d3535e1976604177"
event.enemy.death,Enemy,lifecycle,death,"short stylized non-human creature death vocal with a clear fatal cry and no long moan",WorldPositioned,OwnerRoot,TBD,SFX,45,3,0.1,"monster creature beast enemy death die killed scream squeal screech cry yelp vocalization short game","Evolved Game Creatures Roc Monster Death recids 10028-10033; all six siblings retained","per-source onset trim; cap long death tails at 1.15s; mono fold-down; 1ms fade-in; 20ms fade-out; subtle transient contour and saturation; normalize peak to -6dBFS; 48kHz/24-bit",Assets/FPGDemo/Audio/Forest/SFX/SFX_Enemy_Death_01..06.wav,BoundAndValidated,D:\Unity\NewFPG_AudioWork\Forest\approved\event.enemy.death,Evolved Game Creatures / Epic Stock Media,"c3c10b6b0e0bcb0191cba2b7e54052fe7898fa531480c413003586c30f0bd5e8;627059624cd4eaeb91f53a9d2cfa336c7e441fe62aca5bea807be9dc87a4f4ed;fb44806653dcfb826b22f2af674862be201a39a7300f7b2ce3c4edd31ea686e7;f7e129445fb954301a211288b922e54e0791d4754fb56619f6565b4d3292266e;f3db26877e8ef4f1896972a9023fd676d856acbdd4269cca6296bf980c94c107;aaa1891ae1535401c3bf4e62b6522d0923b038fd052460548979cf5605ae098b"
event.player.defeat.body,Player,lifecycle,defeat,player defeat body punctuation,WorldPositioned,OwnerRoot,player.body,SFX,70,1,0.3,game stylized player defeat body feedback no voice,,mono 48kHz/24-bit; dry short response,,PendingSoundminerExport,,,
event.player.cover.enter,Player,cover transition,enter,cover enter feedback,WorldPositioned,OwnerRoot,player.body,SFX,25,2,0.12,game arcade cover enter soft movement cue,,mono 48kHz/24-bit; short dry cue,,PendingSoundminerExport,,,
event.player.cover.leave,Player,cover transition,leave,cover leave feedback,WorldPositioned,OwnerRoot,player.body,SFX,25,2,0.12,game arcade cover leave soft movement cue,,mono 48kHz/24-bit; short dry cue,,PendingSoundminerExport,,,
event.player.weapon.empty,Player,weapon rejection,empty,empty weapon action feedback,TwoDimensional,OwnerRoot,TBD,UI,90,1,0.15,game ui empty weapon dry click denied,,mono 48kHz/24-bit; short dry cue,,PendingSoundminerExport,,,
event.player.weapon.reject,Player,weapon rejection,rejected,rejected weapon action feedback,TwoDimensional,OwnerRoot,TBD,UI,90,1,0.15,game ui weapon action denied short synth,,mono 48kHz/24-bit; short dry cue,,PendingSoundminerExport,,,
event.forest.ambience.point.0,Forest,ambience detail,sparse point,sparse randomized Forest point sound,WorldPositioned,OwnerRoot,TBD,Ambience,10,4,0.2,"forest nature one shot insect chirp cricket twig branch leaf rustle flutter distant creature magical enchanted subtle short","Farm Game cricket recid 2618 and cartoon bat recids 2647/2648; Fantasy Game 2 Wooden Runes recids 9974/9975; BOOM Magic Wisp/Alchemy recids 5547/9544/9545; all eight retained","mono fold-down; 48kHz/24-bit; retain short animal/rune sources; deterministic 0.60-0.75s twinkle/dust windows; 1-5ms fade-in; 8-30ms fade-out; normalize peak to -16dBFS",Assets/FPGDemo/Audio/Forest/Ambience/AMB_Forest_Point_01..08.wav,BoundAndValidated,"F:\Audio\Epic Stock Media\【ESM】农场游戏类-Farm Game_Epic Stock Media\07-动物-Animals;F:\Audio\Epic Stock Media\【ESM】奇幻冒险类第二辑-Fantasy Game 2_Epic Stock Media\17-奇幻冒险组件-Fantasy Game\16-源音频工具-Source\Wooden Runes【木制符文】;F:\Audio\BOOM LIBRARY\FX26-光明黑暗魔法-Magic Wisp Designed_Boom Library\源音频工具-Construction Kit;F:\Audio\BOOM LIBRARY\FX43-炼金药剂魔法-Magic Alchemy_Boom Library\源音频文件-Construction Kit","Farm Game + Fantasy Game 2 / Epic Stock Media; Magic Wisp + Magic Alchemy Construction Kit / BOOM","8933847615ef2ca44a24858c486c4c769e16579fca6460b4e34968aae0d684af;75686496d6190586816caaeba4d1f35500342b6436a9d61e4a956363ad492535;87498305e23a675f954b448ea191a098840411c8fe4154d28ef3b7cd4427d546;cd54e9dc713a2a9ffb270b10b7331d6ddcbb8b9caeb7c261faa77857445f4748;2ee614c4bd3ae2f3e4e3a033d6110ac5d78f5958082872726aad66d9435c0e68;c777e8b92302d98a0bc70e75fa939cca331608b5a1f71ee397d643eee3063a05;3d26908c350465df6f6cae198ba3db1ff021a90f6b7fd302eb2eaea9629daf64;fe2c7d082a34dbd61907b420ce8eddabca6e7d906671f31aa5feb3e7ee7eb77e"
