category,branch,path,chunk,offset,virtual_offset,stored,original,compression,encryption0,encryption1,record_index,hash,chunk_group,chunk_part,chunk_index
camera_node,main,camera/cm_shake_vb_lt.scsp,base_b08_0.ssrc,14858704,1795096192,312,312,0,0,0,47735,98b293420afb507e,18,8,60
camera_node,main,camera/cm_shake_vb_rt.scsp,base_b02_0.ssrc,18298192,492266512,308,308,0,0,0,63766,cbb39df5eab26c06,18,2,54
camera_node,main,camera/cm_shake_vb_up.scsp,base_b00_0.ssrc,12970528,12970528,316,316,0,0,0,56294,b47743d7382c93ae,18,0,52
camera_node,main,camera/cm_shake_wk_up.scsp,base_b15_0.ssrc,16216672,3049167376,356,356,0,0,0,6446,1516d4aec1505ba7,18,15,66
camera_node,main,camera_path/fei_30048_ug_attack_cam.scsp,base_13_s13_b03_0.ssrc,3318768,129860896,608,608,0,0,0,67343,d74ab8c97b9b6afb,17,3,50
effect_cfx,main,effect/fei_30048_attack_play1.cfx,base_b07_0.ssrc,59716096,1624512736,349,1278,1,0,0,1296,04425c612dfc415b,18,7,59
spine_effect,main,effect/fei_30048_attack_play1_f1.atlas,base_b11_0.ssrc,59907888,2439742816,438,2647,1,0,0,4736,0f6f4031abf89e29,18,11,63
spine_effect,main,effect/fei_30048_attack_play1_f1.scsp,base_b15_0.ssrc,81288864,3114239568,9901,11273,1,0,0,78233,faa414f2824613a1,18,15,66
spine_effect,main,effect/fei_30048_attack_play1_f1.sct,base_b06_0.ssrc,51144960,1417634624,97945,103346,1,0,0,37383,775103e1d2d0f3d2,18,6,58
spine_effect,main,effect/fei_30048_attack_play1_f2.atlas,base_b11_0.ssrc,59908336,2439743264,388,2265,1,0,0,8085,1a256682677310af,18,11,63
spine_effect,main,effect/fei_30048_attack_play1_f2.scsp,base_b05_0.ssrc,61667968,1191862528,8083,8893,1,0,0,19098,3d5b44ca75a5cd53,18,5,57
spine_effect,main,effect/fei_30048_attack_play1_f2.sct,base_b06_0.ssrc,51242912,1417732576,161660,171707,1,0,0,542,01cd42c3df12eca0,18,6,58
spine_effect,main,effect/fei_30048_attack_play1_glow.atlas,base_b06_0.ssrc,51404576,1417894240,220,419,1,0,0,42554,8853ede37d5f1878,18,6,58
spine_effect,main,effect/fei_30048_attack_play1_glow.scsp,base_b00_0.ssrc,54390800,54390800,761,843,1,0,0,52870,a9b6c54abc12e736,18,0,52
spine_effect,main,effect/fei_30048_attack_play1_glow.sct,base_b02_0.ssrc,69608320,543576640,25664,26731,1,0,0,5363,1182d3b512146cf4,18,2,54
particle_config,main,effect/fei_30048_attack_play1_pat1.particle,base_b09_0.ssrc,71466096,2039775376,1260,5361,1,0,0,20599,4211cb4f0a4a3cc1,18,9,61
particle_config,main,effect/fei_30048_attack_play1_pat2.particle,base_b16_0.ssrc,50137216,3303141024,1259,5359,1,0,0,35621,71b8b20b7e7dfeba,18,16,67
effect_cfx,main,effect/fei_30048_attack_play2.cfx,base_b07_0.ssrc,59716448,1624513088,391,1837,1,0,0,6573,1571d546b5beaf0d,18,7,59
spine_effect,main,effect/fei_30048_attack_play2_b1.atlas,base_13_s13_b03_0.ssrc,27150080,153692208,322,1990,1,0,0,76566,f526fd9bab379707,17,3,50
spine_effect,main,effect/fei_30048_attack_play2_b1.scsp,base_b02_0.ssrc,69633984,543602304,1247,1636,1,0,0,25748,52f442dedd222dcc,18,2,54
spine_effect,main,effect/fei_30048_attack_play2_b1.sct,base_b17_0.ssrc,81280800,3559951648,40280,44609,1,0,0,28092,5a4cf2953f273417,18,17,68
spine_effect,main,effect/fei_30048_attack_play2_b2.atlas,base_b10_0.ssrc,64048432,2244259728,298,1584,1,0,0,40466,8160fd64f981afac,18,10,62
spine_effect,main,effect/fei_30048_attack_play2_b2.scsp,base_b08_0.ssrc,63471728,1843709216,1680,2023,1,0,0,16071,337fd3244b5a42e4,18,8,60
spine_effect,main,effect/fei_30048_attack_play2_b2.sct,base_b08_0.ssrc,63473408,1843710896,40004,42886,1,0,0,82,004bd12af083a6c6,18,8,60
spine_effect,main,effect/fei_30048_attack_play2_f1.atlas,base_b00_0.ssrc,54391568,54391568,354,1905,1,0,0,44734,8f3543f5a2530fae,18,0,52
spine_effect,main,effect/fei_30048_attack_play2_f1.scsp,base_b12_0.ssrc,66917344,2660937120,6933,7985,1,0,0,54301,ae17592b867e18f8,18,12,64
spine_effect,main,effect/fei_30048_attack_play2_f1.sct,base_b05_0.ssrc,61676064,1191870624,77143,81343,1,0,0,58357,baffb09f80b3e2a3,18,5,57
spine_effect,main,effect/fei_30048_attack_play2_f2.atlas,base_b12_0.ssrc,66924288,2660944064,372,2318,1,0,0,37162,76aec5515fc8189e,18,12,64
spine_effect,main,effect/fei_30048_attack_play2_f2.scsp,base_b09_0.ssrc,71467360,2039776640,4587,5233,1,0,0,58237,baa317b360e9e20d,18,9,61
spine_effect,main,effect/fei_30048_attack_play2_f2.sct,base_b05_0.ssrc,61753216,1191947776,99606,106029,1,0,0,19674,3f3cbad900982861,18,5,57
spine_effect,main,effect/fei_30048_attack_play2_glow.atlas,base_b15_0.ssrc,81298768,3114249472,220,419,1,0,0,54005,ad4c83be4695f411,18,15,66
spine_effect,main,effect/fei_30048_attack_play2_glow.scsp,base_b16_0.ssrc,50138480,3303142288,754,833,1,0,0,35146,702ff8ca2f30908c,18,16,67
spine_effect,main,effect/fei_30048_attack_play2_glow.sct,base_b10_0.ssrc,64048736,2244260032,25664,26731,1,0,0,26468,5532b78b7abd4f24,18,10,62
spine_effect,main,effect/fei_30048_attack_play_target.atlas,base_b00_0.ssrc,54391936,54391936,1425,10084,1,0,0,7118,171af62c82c5465c,18,0,52
effect_cfx,main,effect/fei_30048_attack_play_target.cfx,base_b00_0.ssrc,54393376,54393376,329,802,1,0,0,32327,677b8de70ce8968e,18,0,52
spine_effect,main,effect/fei_30048_attack_play_target.scsp,base_b11_0.ssrc,59908736,2439743664,36371,41649,1,0,0,8447,1b5156706c061c31,18,11,63
spine_effect,main,effect/fei_30048_attack_play_target.sct,base_b04_0.ssrc,80844624,962535824,279276,293626,1,0,0,52358,a8041681cf5650ee,18,4,56
spine_effect,main,effect/fei_30048_attack_play_target_glow.atlas,base_13_s13_b03_0.ssrc,27150416,153692544,225,425,1,0,0,27578,58bdb83df3e36ccb,17,3,50
effect_cfx,main,effect/fei_30048_attack_play_target_glow.cfx,base_b12_0.ssrc,66924672,2660944448,277,468,1,0,0,78911,fccdaf32a2a1c02a,18,12,64
spine_effect,main,effect/fei_30048_attack_play_target_glow.scsp,base_b02_0.ssrc,69635232,543603552,740,831,1,0,0,40476,816c1ab03e24011c,18,2,54
spine_effect,main,effect/fei_30048_attack_play_target_glow.sct,base_b14_0.ssrc,81564848,2891926752,25664,26731,1,0,0,7859,1971a520bab4bdde,18,14,65
particle_config,main,effect/fei_30048_attack_play_target_pat1.particle,base_b06_0.ssrc,51404800,1417894464,1113,9090,1,0,0,78402,fb38f6ae16c2b888,18,6,58
spine_effect,main,effect/fei_30048_buff_play.atlas,base_b09_0.ssrc,71471952,2039781232,601,3968,1,0,0,12979,29cbd31947b12821,18,9,61
effect_cfx,main,effect/fei_30048_buff_play.cfx,base_b02_0.ssrc,69635984,543604304,352,1108,1,0,0,20187,40d3466d6fb0876e,18,2,54
spine_effect,main,effect/fei_30048_buff_play.scsp,base_b03_0.ssrc,53976544,735124048,9151,10742,1,0,0,27862,599e843f4b161f93,18,3,55
spine_effect,main,effect/fei_30048_buff_play.sct,base_b01_0.ssrc,81305728,314101328,122628,128270,1,0,0,51941,a6bd12da05cd60bb,18,1,53
spine_effect,main,effect/fei_30048_buff_play_glow.atlas,base_b04_0.ssrc,81123904,962815104,219,416,1,0,0,62342,c73b595c1184b22a,18,4,56
spine_effect,main,effect/fei_30048_buff_play_glow.scsp,base_b02_0.ssrc,69636336,543604656,735,808,1,0,0,27631,58e2841ae60d90e2,18,2,54
spine_effect,main,effect/fei_30048_buff_play_glow.sct,base_b04_0.ssrc,81124128,962815328,25664,26731,1,0,0,54562,aeef0d1ddcdad586,18,4,56
particle_config,main,effect/fei_30048_buff_play_pat1.particle,base_b14_0.ssrc,81590512,2891952416,1401,15309,1,0,0,63029,c95b0616a8ca7844,18,14,65
effect_cfx,main,effect/fei_30048_u1_buff_play.cfx,base_b02_0.ssrc,69637072,543605392,382,1878,1,0,0,4982,1046a49bc5a3eeee,18,2,54
spine_effect,main,effect/fei_30048_u1_buff_play_b1.atlas,base_b01_0.ssrc,81428368,314223968,1055,5607,1,0,0,29688,5f334324cdb303f1,18,1,53
spine_effect,main,effect/fei_30048_u1_buff_play_b1.scsp,base_b17_0.ssrc,81321088,3559991936,28101,31062,1,0,0,62612,c807c8da6aa7ff97,18,17,68
spine_effect,main,effect/fei_30048_u1_buff_play_b1.sct,base_b14_0.ssrc,81591920,2891953824,153867,162667,1,0,0,48900,9ca5e25b2359557c,18,14,65
spine_effect,main,effect/fei_30048_u1_buff_play_b2.atlas,base_b12_0.ssrc,66924960,2660944736,472,3532,1,0,0,60193,c0680d78f1f2bdea,18,12,64
spine_effect,main,effect/fei_30048_u1_buff_play_b2.scsp,base_b01_0.ssrc,81429424,314225024,2914,3797,1,0,0,46610,953ea2784d196ba3,18,1,53
spine_effect,main,effect/fei_30048_u1_buff_play_b2.sct,base_b06_0.ssrc,51405920,1417895584,98138,104327,1,0,0,59958,bfbddadc74593c60,18,6,58
spine_effect,main,effect/fei_30048_u1_buff_play_f1.atlas,base_b00_0.ssrc,54393712,54393712,532,4528,1,0,0,33019,69b33b200b808ea6,18,0,52
spine_effect,main,effect/fei_30048_u1_buff_play_f1.scsp,base_b14_0.ssrc,81745792,2892107696,3671,4946,1,0,0,47489,97e4def75fe35654,18,14,65
spine_effect,main,effect/fei_30048_u1_buff_play_f1.sct,base_b15_0.ssrc,81298992,3114249696,123422,130614,1,0,0,51705,a5eeb5a7995df1af,18,15,66
spine_effect,main,effect/fei_30048_u1_buff_play_f2.atlas,base_13_s13_b01_0.ssrc,34841200,34867136,683,3071,1,0,0,39395,7dd70bcce0669fe9,17,1,48
spine_effect,main,effect/fei_30048_u1_buff_play_f2.scsp,base_b06_0.ssrc,51504064,1417993728,31616,34446,1,0,0,11503,2502d50838adf4f8,18,6,58
spine_effect,main,effect/fei_30048_u1_buff_play_f2.sct,base_b04_0.ssrc,81149792,962840992,130759,137600,1,0,0,79010,fd200129e0f8a6e0,18,4,56
particle_config,main,effect/fei_30048_u1_buff_play_pat1.particle,base_b16_0.ssrc,50139248,3303143056,1615,14395,1,0,0,61700,c51ed6abb17a4256,18,16,67
particle_config,main,effect/fei_30048_u1_buff_play_pat2.particle,base_b14_0.ssrc,81749472,2892111376,1339,5520,1,0,0,46122,93a9072b6281fe58,18,14,65
effect_cfx,main,effect/fei_30048_u2_buff_play.cfx,base_b07_0.ssrc,59716848,1624513488,538,3496,1,0,0,35665,71d447262bc30685,18,7,59
spine_effect,main,effect/fei_30048_u2_buff_play_b1.atlas,base_b15_0.ssrc,81422416,3114373120,380,2059,1,0,0,68900,dc0f3aab1172fa9d,18,15,66
spine_effect,main,effect/fei_30048_u2_buff_play_b1.scsp,base_b11_0.ssrc,59945120,2439780048,6711,8160,1,0,0,58718,bc0ef11ae8678b55,18,11,63
spine_effect,main,effect/fei_30048_u2_buff_play_b1.sct,base_b07_0.ssrc,59717392,1624514032,175614,187203,1,0,0,38718,7ba905ed0086f91d,18,7,59
spine_effect,main,effect/fei_30048_u2_buff_play_b2.atlas,base_b15_0.ssrc,81422800,3114373504,563,3194,1,0,0,46630,95521f44464646b1,18,15,66
spine_effect,main,effect/fei_30048_u2_buff_play_b2.scsp,base_b01_0.ssrc,81432352,314227952,5855,6841,1,0,0,60547,c19060172603fce9,18,1,53
spine_effect,main,effect/fei_30048_u2_buff_play_b2.sct,base_b15_0.ssrc,81423376,3114374080,169237,177069,1,0,0,76803,f5f5126d7bc3ad35,18,15,66
spine_effect,main,effect/fei_30048_u2_buff_play_f1.atlas,base_b04_0.ssrc,81280560,962971760,593,3441,1,0,0,71841,e58125a620c1afe4,18,4,56
spine_effect,main,effect/fei_30048_u2_buff_play_f1.scsp,base_b14_0.ssrc,81750816,2892112720,6745,9822,1,0,0,24245,4de8052bd52b7e4c,18,14,65
spine_effect,main,effect/fei_30048_u2_buff_play_f1.sct,base_b09_0.ssrc,71472560,2039781840,153580,163224,1,0,0,62579,c7f256faebdcec05,18,9,61
spine_effect,main,effect/fei_30048_u2_buff_play_f2.atlas,base_13_s13_b01_0.ssrc,34841888,34867824,836,4952,1,0,0,27973,59f1e87f3d2ff065,17,1,48
spine_effect,main,effect/fei_30048_u2_buff_play_f2.scsp,base_13_s13_b01_0.ssrc,34842736,34868672,9187,11351,1,0,0,3756,0c0db0accd7f1c81,17,1,48
spine_effect,main,effect/fei_30048_u2_buff_play_f2.sct,base_b07_0.ssrc,59893008,1624689648,240169,251022,1,0,0,70346,e0d87f405750e79d,18,7,59
particle_config,main,effect/fei_30048_u2_buff_play_pat1.particle,base_b08_0.ssrc,63513424,1843750912,1342,18773,1,0,0,76972,f6862c0f8d552ca6,18,8,60
particle_config,main,effect/fei_30048_u2_buff_play_pat2.particle,base_b08_0.ssrc,63514768,1843752256,1379,10463,1,0,0,63269,ca0715f39572cdde,18,8,60
particle_config,main,effect/fei_30048_u2_buff_play_pat3.particle,base_b00_0.ssrc,54394256,54394256,1648,14250,1,0,0,39103,7ce8bd7c3b6428f2,18,0,52
effect_cfx,main,effect/fei_30048_u3_buff_play.cfx,base_b09_0.ssrc,71626144,2039935424,516,3759,1,0,0,21405,44ce379f1280b699,18,9,61
spine_effect,main,effect/fei_30048_u3_buff_play_b1.atlas,base_13_s13_b01_0.ssrc,34851936,34877872,885,6904,1,0,0,50057,a0753c04c06b2f9d,17,1,48
spine_effect,main,effect/fei_30048_u3_buff_play_b1.scsp,base_b07_0.ssrc,60133184,1624929824,6840,8688,1,0,0,78857,fca0f092fe68c5f1,18,7,59
spine_effect,main,effect/fei_30048_u3_buff_play_b1.sct,base_b06_0.ssrc,51535680,1418025344,228360,242319,1,0,0,44790,8f6708f8bf2bd292,18,6,58
spine_effect,main,effect/fei_30048_u3_buff_play_b2.atlas,base_b04_0.ssrc,81281168,962972368,998,7478,1,0,0,1000,03448c7d136e1af2,18,4,56
spine_effect,main,effect/fei_30048_u3_buff_play_b2.scsp,base_b00_0.ssrc,54395904,54395904,7898,10484,1,0,0,50195,a0fb20311c306eea,18,0,52
spine_effect,main,effect/fei_30048_u3_buff_play_b2.sct,base_b00_0.ssrc,54403808,54403808,203675,212913,1,0,0,17036,369d688fd36f25aa,18,0,52
spine_effect,main,effect/fei_30048_u3_buff_play_b3.atlas,base_b08_0.ssrc,63516160,1843753648,719,6076,1,0,0,11815,2610992aa1ef5914,18,8,60
spine_effect,main,effect/fei_30048_u3_buff_play_b3.scsp,base_b16_0.ssrc,50140864,3303144672,7384,10003,1,0,0,22830,4977b877345ed8ec,18,16,67
spine_effect,main,effect/fei_30048_u3_buff_play_b3.sct,base_b00_0.ssrc,54607488,54607488,218172,231443,1,0,0,62630,c817c69fd6a62e56,18,0,52
spine_effect,main,effect/fei_30048_u3_buff_play_b4.atlas,base_b03_0.ssrc,53985696,735133200,763,5971,1,0,0,13488,2b44345075c8223f,18,3,55
spine_effect,main,effect/fei_30048_u3_buff_play_b4.scsp,base_b17_0.ssrc,81349200,3560020048,5599,7473,1,0,0,8198,1a89347739ac4bc9,18,17,68
spine_effect,main,effect/fei_30048_u3_buff_play_b4.sct,base_b03_0.ssrc,53986464,735133968,161800,171536,1,0,0,60578,c1adc5cf7e3ea007,18,3,55
spine_effect,main,effect/fei_30048_u3_buff_play_b5.atlas,base_b11_0.ssrc,59951840,2439786768,305,1800,1,0,0,3369,0ad3b313b63e98b1,18,11,63
spine_effect,main,effect/fei_30048_u3_buff_play_b5.scsp,base_b17_0.ssrc,81354800,3560025648,1107,1358,1,0,0,11865,26358a2b76e3fe25,18,17,68
spine_effect,main,effect/fei_30048_u3_buff_play_b5.sct,base_b10_0.ssrc,64074400,2244285696,155556,161198,1,0,0,16931,364d39e7e501c708,18,10,62
spine_effect,main,effect/fei_30048_u3_buff_play_f.atlas,base_b02_0.ssrc,69637456,543605776,397,1444,1,0,0,7010,16bcdb1a27e580d2,18,2,54
spine_effect,main,effect/fei_30048_u3_buff_play_f.scsp,base_b15_0.ssrc,81592624,3114543328,3180,3751,1,0,0,6481,152c319775aad659,18,15,66
spine_effect,main,effect/fei_30048_u3_buff_play_f.sct,base_b00_0.ssrc,54825664,54825664,71276,75071,1,0,0,19349,3e37cff119787bca,18,0,52
spine_effect,main,effect/fei_30048_u3_buff_play_glow.atlas,base_b03_0.ssrc,54148272,735295776,221,419,1,0,0,36580,74e2f819f90fffab,18,3,55
spine_effect,main,effect/fei_30048_u3_buff_play_glow.scsp,base_b14_0.ssrc,81757568,2892119472,820,904,1,0,0,58063,ba020ac105a35482,18,14,65
spine_effect,main,effect/fei_30048_u3_buff_play_glow.sct,base_b08_0.ssrc,63516880,1843754368,25664,26731,1,0,0,78110,fa3aef699c1aff62,18,8,60
particle_config,main,effect/fei_30048_u3_buff_play_pat1.particle,base_b11_0.ssrc,59952160,2439787088,1579,9775,1,0,0,62913,c8fc6b0815e8ae43,18,11,63
particle_config,main,effect/fei_30048_u3_buff_play_pat2.particle,base_13_s13_b03_0.ssrc,27150656,153692784,1670,14390,1,0,0,51096,a3f1a6b1a1e5088f,17,3,50
particle_config,main,effect/fei_30048_u3_buff_play_pat3.particle,base_b06_0.ssrc,51764048,1418253712,1673,14389,1,0,0,46034,9362ce1eef52d12a,18,6,58
spine_effect,main,effect/fei_30048_u3_buff_ready.atlas,base_b03_0.ssrc,54148496,735296000,324,1096,1,0,0,32507,6816f34d89166d57,18,3,55
effect_cfx,main,effect/fei_30048_u3_buff_ready.cfx,base_b17_0.ssrc,81355920,3560026768,301,733,1,0,0,78080,fa2846a14080aa6d,18,17,68
spine_effect,main,effect/fei_30048_u3_buff_ready.scsp,base_13_s13_b01_0.ssrc,34852832,34878768,2220,2613,1,0,0,32954,6982b98413463dfd,17,1,48
spine_effect,main,effect/fei_30048_u3_buff_ready.sct,base_b06_0.ssrc,51765728,1418255392,30475,32245,1,0,0,43720,8be9a9516b09e6a6,18,6,58
spine_effect,main,effect/fei_30048_u3_buff_ready_glow.atlas,base_b00_0.ssrc,54896944,54896944,221,420,1,0,0,30485,61cd410654ce5f2e,18,0,52
spine_effect,main,effect/fei_30048_u3_buff_ready_glow.scsp,base_b16_0.ssrc,50148256,3303152064,855,968,1,0,0,26787,564417e0895f1846,18,16,67
spine_effect,main,effect/fei_30048_u3_buff_ready_glow.sct,base_b05_0.ssrc,61852832,1192047392,25664,26731,1,0,0,55358,b172ef685935ad91,18,5,57
spine_effect,main,effect/fei_30048_u4_attack_play.atlas,base_b04_0.ssrc,81282176,962973376,634,4039,1,0,0,2334,078c6c9583e1fa50,18,4,56
effect_cfx,main,effect/fei_30048_u4_attack_play.cfx,base_b12_0.ssrc,66925440,2660945216,365,1118,1,0,0,55158,b0d0522fab93d74c,18,12,64
spine_effect,main,effect/fei_30048_u4_attack_play.scsp,base_b01_0.ssrc,81438208,314233808,10192,11500,1,0,0,41398,84818ebc1d92efb5,18,1,53
spine_effect,main,effect/fei_30048_u4_attack_play.sct,base_b14_0.ssrc,81758400,2892120304,144978,153688,1,0,0,30480,61c979eb9af08866,18,14,65
spine_effect,main,effect/fei_30048_u4_attack_play_glow.atlas,base_b17_0.ssrc,81356224,3560027072,222,421,1,0,0,8096,1a2ca0be120122c3,18,17,68
spine_effect,main,effect/fei_30048_u4_attack_play_glow.scsp,base_b05_0.ssrc,61878496,1192073056,653,728,1,0,0,23908,4cdd0fead2685d3f,18,5,57
spine_effect,main,effect/fei_30048_u4_attack_play_glow.sct,base_b06_0.ssrc,51796208,1418285872,25664,26731,1,0,0,41327,844907d230e972bc,18,6,58
effect_cfx,main,effect/fei_30048_u4_attack_play_target.cfx,base_b14_0.ssrc,81903392,2892265296,371,1492,1,0,0,43759,8c0f1fd7d3a22c48,18,14,65
spine_effect,main,effect/fei_30048_u4_attack_play_target_b.atlas,base_b15_0.ssrc,81595808,3114546512,696,4568,1,0,0,23750,4c5fb6f781ce3481,18,15,66
effect_cfx,main,effect/fei_30048_u4_attack_play_target_b.cfx,base_b09_0.ssrc,71626672,2039935952,414,1336,1,0,0,33628,6b7a3edee0fb83b1,18,9,61
spine_effect,main,effect/fei_30048_u4_attack_play_target_b.scsp,base_b02_0.ssrc,69637856,543606176,12132,14569,1,0,0,5165,10df8ea7cbdddbbc,18,2,54
spine_effect,main,effect/fei_30048_u4_attack_play_target_b.sct,base_13_s13_b03_0.ssrc,27152336,153694464,260008,272515,1,0,0,75274,f0d7053b0b4dad97,17,3,50
spine_effect,main,effect/fei_30048_u4_attack_play_target_f1.atlas,base_b07_0.ssrc,60140032,1624936672,1185,8043,1,0,0,46332,945e6204aff80479,18,7,59
spine_effect,main,effect/fei_30048_u4_attack_play_target_f1.scsp,base_b05_0.ssrc,61879152,1192073712,69770,77543,1,0,0,37893,78f9b4dffa2fdd7d,18,5,57
spine_effect,main,effect/fei_30048_u4_attack_play_target_f1.sct,base_b09_0.ssrc,71627088,2039936368,375173,391897,1,0,0,28737,5c39ce76b8e52111,18,9,61
spine_effect,main,effect/fei_30048_u4_attack_play_target_f2.atlas,base_b10_0.ssrc,64229968,2244441264,1076,7701,1,0,0,52173,a76059b019aae0a4,18,10,62
spine_effect,main,effect/fei_30048_u4_attack_play_target_f2.scsp,base_b08_0.ssrc,63542544,1843780032,8984,11158,1,0,0,73576,eb2d1ee3116d9b72,18,8,60
spine_effect,main,effect/fei_30048_u4_attack_play_target_f2.sct,base_b12_0.ssrc,66925808,2660945584,254106,267081,1,0,0,11157,23de056f382cfc4c,18,12,64
spine_effect,main,effect/fei_30048_u4_attack_play_target_f3.atlas,base_b03_0.ssrc,54148832,735296336,277,780,1,0,0,63583,cb12a8b4060fba0d,18,3,55
spine_effect,main,effect/fei_30048_u4_attack_play_target_f3.scsp,base_13_s13_b01_0.ssrc,34855056,34880992,5834,6514,1,0,0,30360,616c571a181bf81d,17,1,48
spine_effect,main,effect/fei_30048_u4_attack_play_target_f3.sct,base_b02_0.ssrc,69650000,543618320,36028,37856,1,0,0,47804,98f038912f7847e0,18,2,54
particle_config,main,effect/fei_30048_u4_attack_play_target_pat1.particle,base_b11_0.ssrc,59953744,2439788672,1463,14258,1,0,0,7867,1975e5daae0473b9,18,11,63
particle_config,main,effect/fei_30048_u4_attack_play_target_pat2.particle,base_b05_0.ssrc,61948928,1192143488,1132,4874,1,0,0,64441,ce0522e05b60bb71,18,5,57
effect_cfx,main,effect/fei_30048_u4_attack_play_target_ring.cfx,base_b00_0.ssrc,54897168,54897168,368,1071,1,0,0,28542,5baee5e0cc79ebf6,18,0,52
spine_effect,main,effect/fei_30048_u4_attack_ready.atlas,base_b05_0.ssrc,61950064,1192144624,285,1058,1,0,0,26636,55b7d35e7c37858f,18,5,57
effect_cfx,main,effect/fei_30048_u4_attack_ready.cfx,base_b09_0.ssrc,72002272,2040311552,300,737,1,0,0,31855,661f800f42e82627,18,9,61
spine_effect,main,effect/fei_30048_u4_attack_ready.scsp,base_b17_0.ssrc,81356448,3560027296,1485,1731,1,0,0,8772,1c425dea2146a917,18,17,68
spine_effect,main,effect/fei_30048_u4_attack_ready.sct,base_b07_0.ssrc,60141232,1624937872,67188,70207,1,0,0,40023,7fe234c1da4d12e9,18,7,59
spine_effect,main,effect/fei_30048_u4_attack_ready_glow.atlas,base_b17_0.ssrc,81357936,3560028784,222,422,1,0,0,53927,ad0ff52fec900663,18,17,68
spine_effect,main,effect/fei_30048_u4_attack_ready_glow.scsp,base_b00_0.ssrc,54897536,54897536,686,768,1,0,0,7764,1930e19078113d50,18,0,52
spine_effect,main,effect/fei_30048_u4_attack_ready_glow.sct,base_b12_0.ssrc,67179920,2661199696,25664,26731,1,0,0,22394,480dce0ba89c8356,18,12,64
spine_effect,main,effect/fei_30048_u4_attack_ready_target.atlas,base_b09_0.ssrc,72002576,2040311856,693,3164,1,0,0,74996,efdb7932d5da92e1,18,9,61
effect_cfx,main,effect/fei_30048_u4_attack_ready_target.cfx,base_b06_0.ssrc,51821872,1418311536,366,1069,1,0,0,76178,f3e524b877b19b84,18,6,58
spine_effect,main,effect/fei_30048_u4_attack_ready_target.scsp,base_b08_0.ssrc,63551536,1843789024,26961,29277,1,0,0,17500,38143d16452fbaba,18,8,60
spine_effect,main,effect/fei_30048_u4_attack_ready_target.sct,base_b02_0.ssrc,69686032,543654352,163808,170100,1,0,0,17096,36c6b8c6b2f8c694,18,2,54
spine_effect,main,effect/fei_30048_u4_attack_ready_target_glow.atlas,base_b00_0.ssrc,54898224,54898224,226,429,1,0,0,46268,9416808a637fe392,18,0,52
effect_cfx,main,effect/fei_30048_u4_attack_ready_target_glow.cfx,base_b17_0.ssrc,81358160,3560029008,280,472,1,0,0,58194,ba791a4f7b865b49,18,17,68
spine_effect,main,effect/fei_30048_u4_attack_ready_target_glow.scsp,base_b04_0.ssrc,81282816,962974016,861,972,1,0,0,31549,651fd6dd8b76d706,18,4,56
spine_effect,main,effect/fei_30048_u4_attack_ready_target_glow.sct,base_b10_0.ssrc,64231056,2244442352,25664,26731,1,0,0,52045,a703125edcbec872,18,10,62
effect_cfx,main,effect/fei_30048_u5_buff_play.cfx,base_b04_0.ssrc,81283680,962974880,538,3847,1,0,0,29670,5f24a6ab442f140a,18,4,56
spine_effect,main,effect/fei_30048_u5_buff_play_cha_glow.atlas,base_b09_0.ssrc,72003280,2040312560,433,2524,1,0,0,49458,9e809a1d56c4287f,18,9,61
spine_effect,main,effect/fei_30048_u5_buff_play_cha_glow.scsp,base_b02_0.ssrc,69849840,543818160,7385,8214,1,0,0,25255,5139515064b0adee,18,2,54
spine_effect,main,effect/fei_30048_u5_buff_play_cha_glow.sct,base_b07_0.ssrc,60235408,1625032048,50972,54797,1,0,0,24671,4f5084b8243ff447,18,7,59
spine_effect,main,effect/fei_30048_u5_buff_play_fire_b.atlas,base_b02_0.ssrc,69857232,543825552,930,6208,1,0,0,47531,980a17a798edc7d6,18,2,54
spine_effect,main,effect/fei_30048_u5_buff_play_fire_b.scsp,base_b06_0.ssrc,51822240,1418311904,13218,17197,1,0,0,34577,6e6aac4e45f62336,18,6,58
spine_effect,main,effect/fei_30048_u5_buff_play_fire_b.sct,base_b15_0.ssrc,81596512,3114547216,218615,229134,1,0,0,18817,3c7f3d7366c6e8e9,18,15,66
spine_effect,main,effect/fei_30048_u5_buff_play_fire_f.atlas,base_b02_0.ssrc,69858176,543826496,670,4462,1,0,0,60801,c261b1b4ea411aee,18,2,54
spine_effect,main,effect/fei_30048_u5_buff_play_fire_f.scsp,base_b17_0.ssrc,81358448,3560029296,10034,13136,1,0,0,1156,03d1092b641877cb,18,17,68
spine_effect,main,effect/fei_30048_u5_buff_play_fire_f.sct,base_b14_0.ssrc,81903776,2892265680,99846,104783,1,0,0,49260,9ddfbf47bc2acb76,18,14,65
spine_effect,main,effect/fei_30048_u5_buff_play_glow.atlas,base_b05_0.ssrc,61950352,1192144912,164,205,1,0,0,35629,71bc0edc38b1d6cd,18,5,57
spine_effect,main,effect/fei_30048_u5_buff_play_glow.scsp,base_b02_0.ssrc,69858848,543827168,809,867,1,0,0,61540,c497a307506e2370,18,2,54
spine_effect,main,effect/fei_30048_u5_buff_play_glow.sct,base_b05_0.ssrc,61950528,1192145088,14246,14785,1,0,0,35983,72e0f377dd9d8527,18,5,57
particle_config,main,effect/fei_30048_u5_buff_play_pat1.particle,base_b03_0.ssrc,54149120,735296624,1561,9774,1,0,0,49268,9de5846bcdfa6d77,18,3,55
spine_effect,main,effect/fei_30048_u5_buff_play_servant.atlas,base_b00_0.ssrc,54898464,54898464,1018,8949,1,0,0,53625,ac12bc8c091fda76,18,0,52
spine_effect,main,effect/fei_30048_u5_buff_play_servant.scsp,base_b15_0.ssrc,81815136,3114765840,75956,200583,1,0,0,15717,32523fcf8e12c51b,18,15,66
spine_effect,main,effect/fei_30048_u5_buff_play_servant.sct,base_b10_0.ssrc,64256720,2244468016,230211,245060,1,0,0,23269,4ae1bbd5986a5e36,18,10,62
spine_effect,main,effect/fei_30048_u5_buff_play_sun.atlas,base_b07_0.ssrc,60286384,1625083024,652,2823,1,0,0,73427,eab29d7087c07129,18,7,59
spine_effect,main,effect/fei_30048_u5_buff_play_sun.scsp,base_b00_0.ssrc,54899488,54899488,14368,16439,1,0,0,7650,18caa3f0247f1188,18,0,52
spine_effect,main,effect/fei_30048_u5_buff_play_sun.sct,base_b05_0.ssrc,61964784,1192159344,151621,157054,1,0,0,33225,6a48c9daffcac23b,18,5,57
effect_cfx,main,effect/fei_30048_u5_buff_ready.cfx,base_b01_0.ssrc,81449104,314244704,378,1832,1,0,0,61085,c33250ceb6f4a5df,18,1,53
spine_effect,main,effect/fei_30048_u5_buff_ready_b.atlas,base_b17_0.ssrc,81368496,3560039344,402,1532,1,0,0,78367,fb121c5a81666e3f,18,17,68
spine_effect,main,effect/fei_30048_u5_buff_ready_b.scsp,base_b09_0.ssrc,72154992,2040464272,8947,10125,1,0,0,33825,6c034c048bbb5f9f,18,9,61
spine_effect,main,effect/fei_30048_u5_buff_ready_b.sct,base_b16_0.ssrc,50155232,3303159040,96292,99902,1,0,0,34664,6eac2444f0cc3506,18,16,67
spine_effect,main,effect/fei_30048_u5_buff_ready_f.atlas,base_b07_0.ssrc,60287040,1625083680,706,3216,1,0,0,25122,50c0b794d7c3090b,18,7,59
spine_effect,main,effect/fei_30048_u5_buff_ready_f.scsp,base_b06_0.ssrc,51835472,1418325136,20641,24035,1,0,0,21354,44a2a409fdd4415a,18,6,58
spine_effect,main,effect/fei_30048_u5_buff_ready_f.sct,base_b12_0.ssrc,67205584,2661225360,198745,208186,1,0,0,11696,25ae5af14a8f579c,18,12,64
effect_cfx,main,effect/fei_30048_ug_attack_eff_s1.cfx,base_b14_0.ssrc,82003632,2892365536,365,2239,1,0,0,59920,bfa52521fcf9e6b4,18,14,65
effect_cfx,main,effect/fei_30048_ug_attack_eff_s1_screen.cfx,base_b00_0.ssrc,54913856,54913856,357,1054,1,0,0,40721,82334876f23c1d4e,18,0,52
effect_cfx,main,effect/fei_30048_ug_attack_eff_s2.cfx,base_b04_0.ssrc,81284224,962975424,364,2235,1,0,0,77345,f7bae28f58cfe822,18,4,56
effect_cfx,main,effect/fei_30048_ug_attack_hookup_s1_eff.cfx,base_b07_0.ssrc,60287760,1625084400,365,1064,1,0,0,71566,e49dc333ede72313,18,7,59
effect_cfx,main,effect/fei_30048_ug_attack_hookup_s2_eff.cfx,base_b16_0.ssrc,50251536,3303255344,366,1064,1,0,0,57916,b98f6bf9e36d1b34,18,16,67
spine_effect,main,effect/fei_30048_ug_cutin_1.atlas,base_b00_0.ssrc,54914224,54914224,2891,12499,1,0,0,40367,810abc1a91b94b16,18,0,52
spine_effect,main,effect/fei_30048_ug_cutin_1.scsp,base_b17_0.ssrc,81368912,3560039760,174450,201621,1,0,0,26691,55edeed4d776ff55,18,17,68
spine_effect,main,effect/fei_30048_ug_cutin_1.sct,base_13_s13_b03_0.ssrc,27412352,153954480,1300960,1380442,1,0,0,78836,fc959b2aa5ee9e87,17,3,50
spine_effect,main,effect/fei_30048_ug_cutin_2.atlas,base_b09_0.ssrc,72163952,2040473232,1734,7293,1,0,0,19730,3f65821710502725,18,9,61
spine_effect,main,effect/fei_30048_ug_cutin_2.scsp,base_b09_0.ssrc,72165696,2040474976,116649,127765,1,0,0,77440,f8026dfb72d07975,18,9,61
spine_effect,main,effect/fei_30048_ug_cutin_2.sct,base_b06_0.ssrc,51856128,1418345792,858596,925858,1,0,0,59053,bd11582e4598efd6,18,6,58
spine_effect,main,effect/fei_30048_ug_eff_s1_1.atlas,base_b14_0.ssrc,82004000,2892365904,608,2630,1,0,0,51217,a4504f5542e1d47e,18,14,65
spine_effect,main,effect/fei_30048_ug_eff_s1_1.scsp,base_b02_0.ssrc,69859664,543827984,12011,14670,1,0,0,66296,d3e5c47c9f77766a,18,2,54
spine_effect,main,effect/fei_30048_ug_eff_s1_1.sct,base_b11_0.ssrc,59955216,2439790144,1364836,1437316,1,0,0,51771,a62e94c0ef690cdb,18,11,63
spine_effect,main,effect/fei_30048_ug_eff_s1_1_2.atlas,base_b11_0.ssrc,61320064,2441154992,613,3348,1,0,0,44742,8f3a4727bdedb4ff,18,11,63
spine_effect,main,effect/fei_30048_ug_eff_s1_1_2.scsp,base_b08_0.ssrc,63742320,1843979808,8616,11309,1,0,0,6611,158d389ec814344a,18,8,60
spine_effect,main,effect/fei_30048_ug_eff_s1_1_2.sct,base_b15_0.ssrc,81891104,3114841808,317023,344924,1,0,0,14059,2d091b54cfcc72bd,18,15,66
spine_effect,main,effect/fei_30048_ug_eff_s1_2.atlas,base_b11_0.ssrc,61320688,2441155616,438,2169,1,0,0,21968,46a255dc845faab5,18,11,63
spine_effect,main,effect/fei_30048_ug_eff_s1_2.scsp,base_b09_0.ssrc,72282352,2040591632,12795,15514,1,0,0,25952,539f9454705c9b37,18,9,61
spine_effect,main,effect/fei_30048_ug_eff_s1_2.sct,base_b08_0.ssrc,63750944,1843988432,633021,655853,1,0,0,64011,cc85edfc65e30a50,18,8,60
spine_effect,main,effect/fei_30048_ug_eff_s1_3.atlas,base_b03_0.ssrc,54150688,735298192,308,1074,1,0,0,59192,bd70e78d63051ab5,18,3,55
spine_effect,main,effect/fei_30048_ug_eff_s1_3.scsp,base_b02_0.ssrc,69871680,543840000,13824,15036,1,0,0,3729,0bfe00f7fae79e84,18,2,54
spine_effect,main,effect/fei_30048_ug_eff_s1_3.sct,base_b06_0.ssrc,52714736,1419204400,540552,562945,1,0,0,24461,4e99121286f6f1cc,18,6,58
spine_effect,main,effect/fei_30048_ug_eff_s1_4.atlas,base_b11_0.ssrc,61321136,2441156064,890,5990,1,0,0,24290,4e034fcd5d33c43b,18,11,63
spine_effect,main,effect/fei_30048_ug_eff_s1_4.scsp,base_b11_0.ssrc,61322032,2441156960,8555,10731,1,0,0,21457,44f59dd234ad738f,18,11,63
spine_effect,main,effect/fei_30048_ug_eff_s1_4.sct,base_b09_0.ssrc,72295152,2040604432,1028940,1069153,1,0,0,77621,f8a60659782d1021,18,9,61
spine_effect,main,effect/fei_30048_ug_eff_s1_4_2.atlas,base_b12_0.ssrc,67404336,2661424112,558,3512,1,0,0,76947,f66803a94dd2ba3a,18,12,64
spine_effect,main,effect/fei_30048_ug_eff_s1_4_2.scsp,base_b06_0.ssrc,53255296,1419744960,5437,6999,1,0,0,10327,214a7eef66855b9c,18,6,58
spine_effect,main,effect/fei_30048_ug_eff_s1_4_2.sct,base_b05_0.ssrc,62116416,1192310976,950455,967403,1,0,0,74715,eef1c149e79b11d5,18,5,57
spine_effect,main,effect/fei_30048_ug_eff_s1_5.atlas,base_b08_0.ssrc,64383968,1844621456,459,2292,1,0,0,78819,fc83dc87a8e8617e,18,8,60
spine_effect,main,effect/fei_30048_ug_eff_s1_5.scsp,base_b11_0.ssrc,61330592,2441165520,25790,28498,1,0,0,12173,2736bb9d6efeb3db,18,11,63
spine_effect,main,effect/fei_30048_ug_eff_s1_5.sct,base_b15_0.ssrc,82208128,3115158832,929115,967894,1,0,0,11344,247af505bed5294b,18,15,66
spine_effect,main,effect/fei_30048_ug_eff_s1_6.atlas,base_b08_0.ssrc,64384432,1844621920,511,2379,1,0,0,74476,ee27a414897c6ea0,18,8,60
spine_effect,main,effect/fei_30048_ug_eff_s1_6.scsp,base_b02_0.ssrc,69885504,543853824,30329,34360,1,0,0,68811,dbc583ab2624ee40,18,2,54
spine_effect,main,effect/fei_30048_ug_eff_s1_6.sct,base_b03_0.ssrc,54151008,735298512,1223474,1277327,1,0,0,72050,e64980f738292471,18,3,55
spine_effect,main,effect/fei_30048_ug_eff_s1_screen.atlas,base_b16_0.ssrc,50251904,3303255712,551,2385,1,0,0,3131,0a2e244f23d7a3d4,18,16,67
spine_effect,main,effect/fei_30048_ug_eff_s1_screen.scsp,base_b06_0.ssrc,53260736,1419750400,11172,13100,1,0,0,51517,a54ac8f1f694556e,18,6,58
spine_effect,main,effect/fei_30048_ug_eff_s1_screen.sct,base_b04_0.ssrc,81284592,962975792,61682,64860,1,0,0,56682,b5a5a614221fe926,18,4,56
spine_effect,main,effect/fei_30048_ug_eff_s2_1.atlas,base_b07_0.ssrc,60288128,1625084768,1354,8198,1,0,0,51399,a4e2c9e0bf4d90df,18,7,59
spine_effect,main,effect/fei_30048_ug_eff_s2_1.scsp,base_b10_0.ssrc,64486944,2244698240,38820,46072,1,0,0,38048,796ca81cd6fa1bea,18,10,62
spine_effect,main,effect/fei_30048_ug_eff_s2_1.sct,base_b12_0.ssrc,67404896,2661424672,762173,800199,1,0,0,59280,bdb71108415d080a,18,12,64
spine_effect,main,effect/fei_30048_ug_eff_s2_2.atlas,base_b11_0.ssrc,61356384,2441191312,1270,7438,1,0,0,5526,12008538a2df32ad,18,11,63
spine_effect,main,effect/fei_30048_ug_eff_s2_2.scsp,base_b11_0.ssrc,61357664,2441192592,18846,21495,1,0,0,994,033e9966695dd749,18,11,63
spine_effect,main,effect/fei_30048_ug_eff_s2_2.sct,base_b11_0.ssrc,61376512,2441211440,1291910,1361543,1,0,0,24458,4e968f026e2ee80f,18,11,63
spine_effect,main,effect/fei_30048_ug_eff_s2_3.atlas,base_b16_0.ssrc,50252464,3303256272,668,3622,1,0,0,906,02f776646495433a,18,16,67
spine_effect,main,effect/fei_30048_ug_eff_s2_3.scsp,base_b07_0.ssrc,60289488,1625086128,6320,7594,1,0,0,5119,10b70f9029058e25,18,7,59
spine_effect,main,effect/fei_30048_ug_eff_s2_3.sct,base_b09_0.ssrc,73324096,2041633376,311652,321870,1,0,0,77272,f77fea7c68940e37,18,9,61
spine_effect,main,effect/fei_30048_ug_eff_s2_4.atlas,base_b11_0.ssrc,62668432,2442503360,338,1212,1,0,0,52986,aa0a7a8a77c7db99,18,11,63
spine_effect,main,effect/fei_30048_ug_eff_s2_4.scsp,base_13_s13_b01_0.ssrc,34860896,34886832,2952,3612,1,0,0,71212,e3862a5f02633d9d,17,1,48
spine_effect,main,effect/fei_30048_ug_eff_s2_4.sct,base_b10_0.ssrc,64525776,2244737072,79249,82355,1,0,0,23869,4cbd6816e92fc0ce,18,10,62
spine_effect,main,effect/fei_30048_ug_eff_s2_5.atlas,base_b00_0.ssrc,54917120,54917120,573,2450,1,0,0,61017,c304eb45447c9898,18,0,52
spine_effect,main,effect/fei_30048_ug_eff_s2_5.scsp,base_b12_0.ssrc,68167072,2662186848,10458,11748,1,0,0,67329,d73a01539d6444a4,18,12,64
spine_effect,main,effect/fei_30048_ug_eff_s2_5.sct,base_b14_0.ssrc,82004608,2892366512,278737,288960,1,0,0,68333,da3f33d0d937f4fe,18,14,65
spine_effect,main,effect/fei_30048_ug_eff_s2_impact.atlas,base_b08_0.ssrc,64384944,1844622432,201,429,1,0,0,44460,8e4be9cc1dcba564,18,8,60
spine_effect,main,effect/fei_30048_ug_eff_s2_impact.scsp,base_b06_0.ssrc,53271920,1419761584,496,561,1,0,0,37769,789909b64e9953bc,18,6,58
spine_effect,main,effect/fei_30048_ug_eff_s2_impact.sct,base_b05_0.ssrc,63066880,1193261440,435694,453776,1,0,0,12750,290286f92962e383,18,5,57
spine_effect,main,effect/fei_30048_ug_eff_s2_impact2.atlas,base_b09_0.ssrc,73635760,2041945040,169,321,1,0,0,18200,3a8256bbfc181b7f,18,9,61
spine_effect,main,effect/fei_30048_ug_eff_s2_impact2.scsp,base_b16_0.ssrc,50253136,3303256944,454,499,1,0,0,79081,fd59e996c87b0f5a,18,16,67
spine_effect,main,effect/fei_30048_ug_eff_s2_impact2.sct,base_b12_0.ssrc,68177536,2662197312,302617,316606,1,0,0,21563,4555e064c6357140,18,12,64
spine_effect,main,effect/fei_30048_ug_hookup_s1_eff.atlas,base_b04_0.ssrc,81346288,963037488,456,1963,1,0,0,40593,81cc2e98eaa3522c,18,4,56
spine_effect,main,effect/fei_30048_ug_hookup_s1_eff.scsp,base_b09_0.ssrc,73635936,2041945216,7068,8137,1,0,0,26426,551254b1ef5fe3a1,18,9,61
spine_effect,main,effect/fei_30048_ug_hookup_s1_eff.sct,base_b02_0.ssrc,69915840,543884160,232715,244312,1,0,0,63491,cac43379dc927e14,18,2,54
spine_effect,main,effect/fei_30048_ug_hookup_s2_eff.atlas,base_b06_0.ssrc,53272416,1419762080,365,1135,1,0,0,37879,78eedbb07530db06,18,6,58
spine_effect,main,effect/fei_30048_ug_hookup_s2_eff.scsp,base_b10_0.ssrc,64605040,2244816336,1920,2284,1,0,0,51578,a57f5379319d7666,18,10,62
spine_effect,main,effect/fei_30048_ug_hookup_s2_eff.sct,base_b16_0.ssrc,50253600,3303257408,108255,115595,1,0,0,42375,87cecb8a6ac75bcc,18,16,67
spine_effect,main,effect/fei_30048_ug_ld_eff.atlas,base_13_s13_b03_0.ssrc,28713312,155255440,519,2841,1,0,0,8108,1a3a0e3817b79ea7,17,3,50
spine_effect,main,effect/fei_30048_ug_ld_eff.scsp,base_b07_0.ssrc,60295808,1625092448,6771,7770,1,0,0,3226,0a73f21e1fc42b63,18,7,59
spine_effect,main,effect/fei_30048_ug_ld_eff.sct,base_b03_0.ssrc,55374496,736522000,235816,246502,1,0,0,72766,e88444205ac3cb3b,18,3,55
effect_cfx,main,effect/fei_30048_ux_bg1.cfx,base_b11_0.ssrc,62668784,2442503712,305,1135,1,0,0,55333,b1639792fd56e219,18,11,63
spine_effect,main,effect/fei_30048_ux_bg1_1.atlas,base_b07_0.ssrc,60302592,1625099232,892,4064,1,0,0,27491,5875cc2c7ebde0c5,18,7,59
spine_effect,main,effect/fei_30048_ux_bg1_1.scsp,base_b04_0.ssrc,81346752,963037952,16693,19115,1,0,0,12739,28f9dc728b5c339e,18,4,56
spine_effect,main,effect/fei_30048_ux_bg1_1.sct,base_b11_0.ssrc,62669104,2442504032,378540,388940,1,0,0,6234,146fae1d94ba343b,18,11,63
spine_effect,main,effect/fei_30048_ux_bg1_2.atlas,base_b00_0.ssrc,54917696,54917696,652,4838,1,0,0,18667,3bf931aada8b7588,18,0,52
spine_effect,main,effect/fei_30048_ux_bg1_2.scsp,base_b07_0.ssrc,60303488,1625100128,5777,7434,1,0,0,71180,e369a926ae996e57,18,7,59
spine_effect,main,effect/fei_30048_ux_bg1_2.sct,base_b05_0.ssrc,63502576,1193697136,44518,48380,1,0,0,64743,cf147d68f3a6a50d,18,5,57
spine_effect,main,effect/fei_30048_ux_bg1_3.atlas,base_b07_0.ssrc,60309280,1625105920,473,1748,1,0,0,41712,859aab759d2079e5,18,7,59
spine_effect,main,effect/fei_30048_ux_bg1_3.scsp,base_b05_0.ssrc,63547104,1193741664,12404,13842,1,0,0,45759,927d9ba30b06f2ff,18,5,57
spine_effect,main,effect/fei_30048_ux_bg1_3.sct,base_b02_0.ssrc,70148560,544116880,504437,513839,1,0,0,28421,5b503f016b7b33fe,18,2,54
spine_effect,main,effect/fei_30048_ux_bg1_cha.atlas,base_b00_0.ssrc,54918352,54918352,1161,6059,1,0,0,78547,fbae48160a8f0fd2,18,0,52
spine_effect,main,effect/fei_30048_ux_bg1_cha.scsp,base_13_s13_b03_0.ssrc,28713840,155255968,65635,70767,1,0,0,17211,372738f252f7b763,17,3,50
spine_effect,main,effect/fei_30048_ux_bg1_cha.sct,base_b11_0.ssrc,63047648,2442882576,42765,45674,1,0,0,35092,7000547f0f59ef4d,18,11,63
effect_cfx,main,effect/fei_30048_ux_bg2.cfx,base_b09_0.ssrc,73643008,2041952288,383,2848,1,0,0,71234,e398c794e7fa4f8b,18,9,61
spine_effect,main,effect/fei_30048_ux_bg2_1.atlas,base_b14_0.ssrc,82283360,2892645264,706,2827,1,0,0,77763,f90d1014e9e754ec,18,14,65
spine_effect,main,effect/fei_30048_ux_bg2_1.scsp,base_b02_0.ssrc,70653008,544621328,11438,13351,1,0,0,40392,8121b8087fcf54d0,18,2,54
spine_effect,main,effect/fei_30048_ux_bg2_1.sct,base_b17_0.ssrc,81543376,3560214224,277569,287839,1,0,0,75623,f1f5c5ccfa184c31,18,17,68
spine_effect,main,effect/fei_30048_ux_bg2_2_1.atlas,base_b03_0.ssrc,55610320,736757824,383,1596,1,0,0,49606,9ef22a3ffa659239,18,3,55
spine_effect,main,effect/fei_30048_ux_bg2_2_1.scsp,base_b01_0.ssrc,81449488,314245088,3995,4682,1,0,0,43551,8b67f2a62f626b35,18,1,53
spine_effect,main,effect/fei_30048_ux_bg2_2_1.sct,base_b17_0.ssrc,81820960,3560491808,139744,149221,1,0,0,33873,6c28fd5078864f1f,18,17,68
spine_effect,main,effect/fei_30048_ux_bg2_2_3.atlas,base_b16_0.ssrc,50361856,3303365664,1306,11414,1,0,0,25568,5254090da08657b0,18,16,67
spine_effect,main,effect/fei_30048_ux_bg2_2_3.scsp,base_b15_0.ssrc,83138720,3116089424,16985,21488,1,0,0,39149,7d0b3835ab1a5195,18,15,66
spine_effect,main,effect/fei_30048_ux_bg2_2_3.sct,base_b09_0.ssrc,73643392,2041952672,168853,180726,1,0,0,30907,631e4c168fe46c71,18,9,61
spine_effect,main,effect/fei_30048_ux_bg2_2_4.atlas,base_b02_0.ssrc,70664448,544632768,1084,7852,1,0,0,23754,4c64062fc072fc10,18,2,54
spine_effect,main,effect/fei_30048_ux_bg2_2_4.scsp,base_b16_0.ssrc,50363168,3303366976,12663,14891,1,0,0,28171,5a8ceb879056dacc,18,16,67
spine_effect,main,effect/fei_30048_ux_bg2_2_4.sct,base_b04_0.ssrc,81363456,963054656,104801,114089,1,0,0,35327,70c459fef4b6748c,18,4,56
spine_effect,main,effect/fei_30048_ux_bg2_2_5.atlas,base_b06_0.ssrc,53272784,1419762448,235,517,1,0,0,16440,34a4ce8d3b279bba,18,6,58
spine_effect,main,effect/fei_30048_ux_bg2_2_5.scsp,base_b16_0.ssrc,50375840,3303379648,6501,7476,1,0,0,51811,a65c006bc6a22774,18,16,67
spine_effect,main,effect/fei_30048_ux_bg2_2_5.sct,base_b08_0.ssrc,64487984,1844725472,37650,39408,1,0,0,18429,3b39435e3aed3d0e,18,8,60
spine_effect,main,effect/fei_30048_ux_bg2_3.atlas,base_b16_0.ssrc,50382352,3303386160,824,6373,1,0,0,61810,c57be1eb820b79e4,18,16,67
spine_effect,main,effect/fei_30048_ux_bg2_3.scsp,base_b04_0.ssrc,81468272,963159472,10854,13904,1,0,0,78161,fa67149a286694f6,18,4,56
spine_effect,main,effect/fei_30048_ux_bg2_3.sct,base_b10_0.ssrc,64606960,2244818256,88980,94392,1,0,0,39259,7d68c4b3331780b0,18,10,62
spine_effect,main,effect/fei_30048_ux_bg2_4.atlas,base_b05_0.ssrc,63559520,1193754080,495,1809,1,0,0,23746,4c5de91bea776fed,18,5,57
spine_effect,main,effect/fei_30048_ux_bg2_4.scsp,base_b12_0.ssrc,68480160,2662499936,20052,22146,1,0,0,33958,6c692cbab5133ba8,18,12,64
spine_effect,main,effect/fei_30048_ux_bg2_4.sct,base_13_s13_b03_0.ssrc,28779488,155321616,328730,344324,1,0,0,74257,ed645052bab3b89f,17,3,50
spine_effect,main,effect/fei_30048_ux_bg2_5.atlas,base_b10_0.ssrc,64695952,2244907248,1405,11601,1,0,0,28796,5c6e0cf0b6a45e3a,18,10,62
spine_effect,main,effect/fei_30048_ux_bg2_5.scsp,base_b05_0.ssrc,63560016,1193754576,36369,49766,1,0,0,60966,c2d6e7c7d468ac71,18,5,57
spine_effect,main,effect/fei_30048_ux_bg2_5.sct,base_b15_0.ssrc,83155712,3116106416,160213,170311,1,0,0,5116,10b2b59c5407b849,18,15,66
spine_effect,main,effect/fei_30048_ux_bg2_6.atlas,base_b07_0.ssrc,60309760,1625106400,523,1978,1,0,0,67017,d63c406fc97e1bef,18,7,59
spine_effect,main,effect/fei_30048_ux_bg2_6.scsp,base_b05_0.ssrc,63596400,1193790960,4960,5990,1,0,0,37774,789aab622f8a9063,18,5,57
spine_effect,main,effect/fei_30048_ux_bg2_6.sct,base_b07_0.ssrc,60310288,1625106928,317435,329878,1,0,0,63401,ca7aa415ebf87ce5,18,7,59
spine_effect,main,effect/fei_30048_ux_bg2_bangsang_b.atlas,base_b14_0.ssrc,82284080,2892645984,3089,13930,1,0,0,1864,060c38ecd2d4f6f8,18,14,65
spine_effect,main,effect/fei_30048_ux_bg2_bangsang_b.scsp,base_b17_0.ssrc,81960704,3560631552,244928,271469,1,0,0,10439,21ac23720ec8ee15,18,17,68
spine_effect,main,effect/fei_30048_ux_bg2_bangsang_b.sct,base_b06_0.ssrc,53273024,1419762688,344632,362955,1,0,0,57399,b7edf3f5ca0fba9c,18,6,58
spine_effect,main,effect/fei_30048_ux_bg2_bangsang_f.atlas,base_b16_0.ssrc,50383184,3303386992,724,2661,1,0,0,12965,29be7a619473fdf4,18,16,67
spine_effect,main,effect/fei_30048_ux_bg2_bangsang_f.scsp,base_13_s13_b01_0.ssrc,34863856,34889792,106857,122369,1,0,0,49543,9ebcaebb50336fe1,17,1,48
spine_effect,main,effect/fei_30048_ux_bg2_bangsang_f.sct,base_b17_0.ssrc,82205632,3560876480,152572,161757,1,0,0,66402,d44383d6fb8a08d3,18,17,68
effect_cfx,main,effect/fei_30048_ux_bg3.cfx,base_b09_0.ssrc,73812256,2042121536,447,3234,1,0,0,44400,8e22f72d002f03c7,18,9,61
spine_effect,main,effect/fei_30048_ux_bg3_1.atlas,base_b11_0.ssrc,63090416,2442925344,942,4270,1,0,0,53604,ac05a8569dd41be1,18,11,63
spine_effect,main,effect/fei_30048_ux_bg3_1.scsp,base_b09_0.ssrc,73812704,2042121984,82616,89909,1,0,0,46126,93ac79e929878199,18,9,61
spine_effect,main,effect/fei_30048_ux_bg3_1.sct,base_b02_0.ssrc,70665536,544633856,127519,134135,1,0,0,47806,98f208342afe9f32,18,2,54
spine_effect,main,effect/fei_30048_ux_bg3_2.atlas,base_b04_0.ssrc,81479136,963170336,310,870,1,0,0,63765,cbb2930285808d5c,18,4,56
spine_effect,main,effect/fei_30048_ux_bg3_2.scsp,base_b00_0.ssrc,54919520,54919520,3524,3981,1,0,0,51132,a40efbe8bb765c8e,18,0,52
spine_effect,main,effect/fei_30048_ux_bg3_2.sct,base_b07_0.ssrc,60627728,1625424368,116399,120466,1,0,0,17712,38c942ce89401f6b,18,7,59
spine_effect,main,effect/fei_30048_ux_bg3_3_1.atlas,base_b14_0.ssrc,82287184,2892649088,608,5062,1,0,0,57580,b87bb904a576f02a,18,14,65
spine_effect,main,effect/fei_30048_ux_bg3_3_1.scsp,base_b08_0.ssrc,64525648,1844763136,3966,5246,1,0,0,53885,aceea51209801af8,18,8,60
spine_effect,main,effect/fei_30048_ux_bg3_3_1.sct,base_b08_0.ssrc,64529616,1844767104,54085,57744,1,0,0,23848,4cad3bc031dfc5a4,18,8,60
spine_effect,main,effect/fei_30048_ux_bg3_3_2.atlas,base_b05_0.ssrc,63601360,1193795920,592,5402,1,0,0,43173,8a48a4792e980cf5,18,5,57
spine_effect,main,effect/fei_30048_ux_bg3_3_2.scsp,base_13_s13_b01_0.ssrc,34970720,34996656,9336,11047,1,0,0,12323,27a0523ba2f4b501,17,1,48
spine_effect,main,effect/fei_30048_ux_bg3_3_2.sct,base_b16_0.ssrc,50383920,3303387728,106035,117168,1,0,0,75955,f3211397749340e6,18,16,67
spine_effect,main,effect/fei_30048_ux_bg3_4.atlas,base_b12_0.ssrc,68505696,2662525472,1405,11601,1,0,0,49038,9d21fcd8b5b4f868,18,12,64
spine_effect,main,effect/fei_30048_ux_bg3_4.scsp,base_b16_0.ssrc,50489968,3303493776,31232,41259,1,0,0,49896,9fec1592bee5ff88,18,16,67
spine_effect,main,effect/fei_30048_ux_bg3_4.sct,base_b06_0.ssrc,53617664,1420107328,160213,170311,1,0,0,36879,75d87eb362730556,18,6,58
spine_effect,main,effect/fei_30048_ux_bg3_5_1.atlas,base_b16_0.ssrc,50521200,3303525008,432,1506,1,0,0,46496,94dc9bdfcecb266e,18,16,67
spine_effect,main,effect/fei_30048_ux_bg3_5_1.scsp,base_b16_0.ssrc,50521632,3303525440,25690,40442,1,0,0,22569,4894df4e162728f0,18,16,67
spine_effect,main,effect/fei_30048_ux_bg3_5_1.sct,base_b14_0.ssrc,82287792,2892649696,100917,106613,1,0,0,55816,b2e41a593cb8d952,18,14,65
spine_effect,main,effect/fei_30048_ux_bg3_5_2.atlas,base_b12_0.ssrc,68507104,2662526880,577,2169,1,0,0,44051,8d093677ab831892,18,12,64
spine_effect,main,effect/fei_30048_ux_bg3_5_2.scsp,base_b01_0.ssrc,81464016,314259616,20697,25119,1,0,0,66814,d591297a85be0261,18,1,53
spine_effect,main,effect/fei_30048_ux_bg3_5_2.sct,base_b11_0.ssrc,63091360,2442926288,198352,202919,1,0,0,41509,84edc582fa440afd,18,11,63
spine_effect,main,effect/fei_30048_ux_bg3_5_3.atlas,base_b04_0.ssrc,81479456,963170656,368,1194,1,0,0,47310,97542af864f96aec,18,4,56
spine_effect,main,effect/fei_30048_ux_bg3_5_3.scsp,base_b01_0.ssrc,81484720,314280320,4118,4738,1,0,0,40671,82083ee4a35e211b,18,1,53
spine_effect,main,effect/fei_30048_ux_bg3_5_3.sct,base_b14_0.ssrc,82388720,2892750624,613417,620562,1,0,0,32670,689d5dc42b56c766,18,14,65
spine_effect,main,effect/fei_30048_ux_bg3_bangsang_b.atlas,base_b09_0.ssrc,73895328,2042204608,2847,12853,1,0,0,74207,ed3c495c6a5be563,18,9,61
spine_effect,main,effect/fei_30048_ux_bg3_bangsang_b.scsp,base_b11_0.ssrc,63289712,2443124640,211219,235305,1,0,0,36970,7622204cadda7247,18,11,63
spine_effect,main,effect/fei_30048_ux_bg3_bangsang_b.sct,base_b02_0.ssrc,70793056,544761376,227531,236843,1,0,0,33830,6c08ab066c918750,18,2,54
spine_effect,main,effect/fei_30048_ux_bg3_bangsang_f.atlas,base_b14_0.ssrc,83002144,2893364048,207,325,1,0,0,1030,03636a1c100ed84e,18,14,65
spine_effect,main,effect/fei_30048_ux_bg3_bangsang_f.scsp,base_b17_0.ssrc,82358208,3561029056,65114,74335,1,0,0,8229,1a9fdebd1ad86541,18,17,68
spine_effect,main,effect/fei_30048_ux_bg3_bangsang_f.sct,base_b03_0.ssrc,55610880,736758384,13270,13967,1,0,0,18761,3c4da56fad0e0ac5,18,3,55
spine_effect,main,effect/fei_30048_ux_bg3_cha.atlas,base_b09_0.ssrc,73898176,2042207456,1208,4982,1,0,0,77335,f7b1416e2c194a8f,18,9,61
spine_effect,main,effect/fei_30048_ux_bg3_cha.scsp,base_b14_0.ssrc,83002352,2893364256,69899,77281,1,0,0,59905,bf9a6571291c3442,18,14,65
spine_effect,main,effect/fei_30048_ux_bg3_cha.sct,base_b12_0.ssrc,68507696,2662527472,48194,50751,1,0,0,29596,5eefef8291543698,18,12,64
particle_config,main,effect/fei_30048_ux_bg3_pat1.particle,base_b15_0.ssrc,83315936,3116266640,1375,13443,1,0,0,24373,4e518f062e9f578d,18,15,66
spine_effect,main,effect/fei_30048_ux_screen_1.atlas,base_b08_0.ssrc,64583712,1844821200,183,455,1,0,0,67119,d68eada0e1b888e8,18,8,60
effect_cfx,main,effect/fei_30048_ux_screen_1.cfx,base_b12_0.ssrc,68555904,2662575680,354,1049,1,0,0,46077,937eafeb601ae156,18,12,64
spine_effect,main,effect/fei_30048_ux_screen_1.scsp,base_b03_0.ssrc,55625280,736772784,13426,14911,1,0,0,7285,17a65d76de781499,18,3,55
spine_effect,main,effect/fei_30048_ux_screen_1.sct,base_b11_0.ssrc,63500944,2443335872,129101,137439,1,0,0,58951,bcc8e16792bfe68d,18,11,63
spine_effect,main,effect/fei_30048_ux_screen_2.atlas,base_b02_0.ssrc,71020928,544989248,606,3104,1,0,0,7534,1875dc51df75781e,18,2,54
spine_effect,main,effect/fei_30048_ux_screen_2.scsp,base_b10_0.ssrc,64697360,2244908656,3769,4752,1,0,0,30723,628edabdee88044a,18,10,62
spine_effect,main,effect/fei_30048_ux_screen_2.sct,base_b10_0.ssrc,64701136,2244912432,188777,198803,1,0,0,1809,05e42e85f2750d7e,18,10,62
spine_effect,main,effect/fei_30048_ux_screen_3.atlas,base_b01_0.ssrc,81488848,314284448,505,1839,1,0,0,44937,8fdc20fd4a7ca843,18,1,53
spine_effect,main,effect/fei_30048_ux_screen_3.scsp,base_b14_0.ssrc,83195936,2893557840,6250,7517,1,0,0,44603,8ec70af8307af646,18,14,65
spine_effect,main,effect/fei_30048_ux_screen_3.sct,base_13_s13_b01_0.ssrc,34980064,35006000,100314,105134,1,0,0,3537,0b55c7cd85905d49,17,1,48
effect_cfx,main,effect/fei_30048_ux_self_1_b.cfx,base_b07_0.ssrc,60764640,1625561280,292,723,1,0,0,14991,2ffa52d1a66bd243,18,7,59
spine_effect,main,effect/fei_30048_ux_self_1_b_1.atlas,base_b12_0.ssrc,68556560,2662576336,352,1622,1,0,0,21121,43d14ccf6b525c18,18,12,64
spine_effect,main,effect/fei_30048_ux_self_1_b_1.scsp,base_b17_0.ssrc,82426048,3561096896,2906,3483,1,0,0,28204,5aa13fa7897b6d1f,18,17,68
spine_effect,main,effect/fei_30048_ux_self_1_b_1.sct,base_b17_0.ssrc,82428960,3561099808,108017,114702,1,0,0,13982,2cce2b70c37fd093,18,17,68
spine_effect,main,effect/fei_30048_ux_self_1_b_2.atlas,base_b16_0.ssrc,50547328,3303551136,664,4671,1,0,0,63292,ca1a5d316d2a2ccc,18,16,67
spine_effect,main,effect/fei_30048_ux_self_1_b_2.scsp,base_b17_0.ssrc,82536992,3561207840,51030,55392,1,0,0,40654,81f656683e95e595,18,17,68
spine_effect,main,effect/fei_30048_ux_self_1_b_2.sct,base_b17_0.ssrc,82588032,3561258880,95832,103845,1,0,0,22095,470cb096007ea72f,18,17,68
effect_cfx,main,effect/fei_30048_ux_self_1_f.cfx,base_b16_0.ssrc,50548000,3303551808,316,1369,1,0,0,36393,74474dc77e308130,18,16,67
spine_effect,main,effect/fei_30048_ux_self_1_f_1.atlas,base_b11_0.ssrc,63630416,2443465344,549,3562,1,0,0,74392,ede07262821505df,18,11,63
spine_effect,main,effect/fei_30048_ux_self_1_f_1.scsp,base_b10_0.ssrc,64889920,2245101216,67276,76062,1,0,0,14008,2ce65120482157b8,18,10,62
spine_effect,main,effect/fei_30048_ux_self_1_f_1.sct,base_b01_0.ssrc,81489360,314284960,82244,88356,1,0,0,27586,58c2d5e4e1d20709,18,1,53
spine_effect,main,effect/fei_30048_ux_self_1_f_2.atlas,base_b05_0.ssrc,63607312,1193801872,551,3253,1,0,0,15614,31ff6f7b1db00c09,18,5,57
spine_effect,main,effect/fei_30048_ux_self_1_f_2.scsp,base_b17_0.ssrc,82683872,3561354720,83710,91161,1,0,0,75971,f32fd619883aee49,18,17,68
spine_effect,main,effect/fei_30048_ux_self_1_f_2.sct,base_b04_0.ssrc,81479824,963171024,114580,124019,1,0,0,26833,5664f4db4f073136,18,4,56
spine_effect,main,effect/fei_30048_ux_self_1_f_3.atlas,base_b09_0.ssrc,73901520,2042210800,593,3929,1,0,0,36725,75568aff29209e49,18,9,61
spine_effect,main,effect/fei_30048_ux_self_1_f_3.scsp,base_b15_0.ssrc,83317312,3116268016,69563,75021,1,0,0,33379,6ab8708d8d0a299f,18,15,66
spine_effect,main,effect/fei_30048_ux_self_1_f_3.sct,base_b04_0.ssrc,81594416,963285616,105013,114018,1,0,0,19547,3ed573307a2ee11c,18,4,56
spine_effect,main,effect/fei_30048_ux_self_1_f_4.atlas,base_b02_0.ssrc,71021536,544989856,469,3226,1,0,0,29163,5d9b3fb8c739b092,18,2,54
spine_effect,main,effect/fei_30048_ux_self_1_f_4.scsp,base_b17_0.ssrc,82767584,3561438432,22713,24991,1,0,0,63861,cc04883424d50467,18,17,68
spine_effect,main,effect/fei_30048_ux_self_1_f_4.sct,base_b09_0.ssrc,73902128,2042211408,61617,66429,1,0,0,61211,c3961986df9850d9,18,9,61
spine_effect,main,effect/fei_30048_ux_self_1_glow.atlas,base_b00_0.ssrc,55990864,55990864,442,6635,1,0,0,28506,5b90d8ff2005d1ce,18,0,52
spine_effect,main,effect/fei_30048_ux_self_1_glow.scsp,base_b10_0.ssrc,64957200,2245168496,14943,17750,1,0,0,17934,398f6b812798cbd4,18,10,62
spine_effect,main,effect/fei_30048_ux_self_1_glow.sct,base_b15_0.ssrc,83386880,3116337584,104235,112992,1,0,0,32416,67c99ccf4135a7a7,18,15,66
spine_effect,main,effect/fei_30048_ux_self_2_b.atlas,base_b04_0.ssrc,81699440,963390640,657,3033,1,0,0,44622,8ed981776e240bf2,18,4,56
effect_cfx,main,effect/fei_30048_ux_self_2_b.cfx,base_b15_0.ssrc,83491120,3116441824,272,456,1,0,0,65614,d1ccf0db5c526175,18,15,66
spine_effect,main,effect/fei_30048_ux_self_2_b.scsp,base_b06_0.ssrc,53778400,1420268064,30426,34527,1,0,0,20884,42fc3c389fd603e4,18,6,58
spine_effect,main,effect/fei_30048_ux_self_2_b.sct,base_b01_0.ssrc,81571616,314367216,156508,162052,1,0,0,1468,04dab19fbf1d7077,18,1,53
spine_effect,main,effect/fei_30048_ux_self_2_f.atlas,base_b14_0.ssrc,83202192,2893564096,727,3324,1,0,0,41229,83ee4690e6640dae,18,14,65
effect_cfx,main,effect/fei_30048_ux_self_2_f.cfx,base_b04_0.ssrc,81700112,963391312,279,506,1,0,0,30003,6039366aa3dec548,18,4,56
spine_effect,main,effect/fei_30048_ux_self_2_f.scsp,base_b16_0.ssrc,50548320,3303552128,24399,28241,1,0,0,2668,08a09569b5ec9bc0,18,16,67
spine_effect,main,effect/fei_30048_ux_self_2_f.sct,base_b11_0.ssrc,63630976,2443465904,200472,209925,1,0,0,70246,e08a1f5f54e9b455,18,11,63
spine_effect,main,effect/mika_1039_skill_x_screen_hk3.atlas,base_b02_0.ssrc,84627632,558595952,168,211,1,0,0,78413,fb459c9d1a0ff31e,18,2,54
spine_effect,main,effect/mika_1039_skill_x_screen_hk3.scsp,base_b10_0.ssrc,78253312,2258464608,823,960,1,0,0,50690,a29c92a5204bbf64,18,10,62
spine_effect,main,effect/mika_1039_skill_x_screen_hk3.sct,base_b10_0.ssrc,78254144,2258465440,184,459,1,0,0,18351,3afac1b1c665b7ce,18,10,62
spine_effect,main,effect/screen_fx_electricity_screen_01_2.atlas,base_b00_0.ssrc,81849040,81849040,604,3644,1,0,0,66359,d41bc0e8c892a352,18,0,52
spine_effect,main,effect/screen_fx_electricity_screen_01_2.scsp,base_b01_0.ssrc,107484432,340280032,9443,11007,1,0,0,46361,94734b336f159cef,18,1,53
spine_effect,main,effect/screen_fx_electricity_screen_01_2.sct,base_b03_0.ssrc,82216944,763364448,391507,416974,1,0,0,12556,285520d3c6ddd121,18,3,55
spine_effect,main,effect/screen_fx_electricity_screen_02_1.atlas,base_b07_0.ssrc,87724576,1652521216,595,4029,1,0,0,38192,79e5c315ea89a9c5,18,7,59
spine_effect,main,effect/screen_fx_electricity_screen_02_1.scsp,base_b00_0.ssrc,81849648,81849648,10044,12197,1,0,0,62565,c7e6a7fce3a60664,18,0,52
spine_effect,main,effect/screen_fx_electricity_screen_02_1.sct,base_b03_0.ssrc,82608464,763755968,145277,154692,1,0,0,28287,5ae9b171250ad833,18,3,55
effect_cfx,main,effect/screen_fx_electricity_screen_03.cfx,base_b14_0.ssrc,103374464,2913736368,281,518,1,0,0,11460,24dce2ab0ccac5c0,18,14,65
spine_effect,main,effect/screen_fx_electricity_screen_03_1.atlas,base_b04_0.ssrc,110989216,992680416,821,4720,1,0,0,26102,540927315a6afdf4,18,4,56
spine_effect,main,effect/screen_fx_electricity_screen_03_1.scsp,base_b05_0.ssrc,88942752,1219137312,9865,11850,1,0,0,64868,cf71fe1877fd46c3,18,5,57
spine_effect,main,effect/screen_fx_electricity_screen_03_1.sct,base_b04_0.ssrc,110990048,992681248,438982,469292,1,0,0,52008,a6e7b0df2f8531f8,18,4,56
effect_cfx,main,effect/screen_fx_electricity_screen_ground_02.cfx,base_13_s13_b01_0.ssrc,46559216,46585152,298,750,1,0,0,67478,d7b4d850561c8361,17,1,48
effect_cfx,main,effect/screen_fx_electricity_target_01.cfx,base_b08_0.ssrc,92514192,1872751680,383,1851,1,0,0,58677,bbea63e0d2523dea,18,8,60
spine_effect,main,effect/screen_fx_electricity_target_01_b.atlas,base_b10_0.ssrc,85981408,2266192704,891,4887,1,0,0,55695,b262427b02360ede,18,10,62
spine_effect,main,effect/screen_fx_electricity_target_01_b.scsp,base_b05_0.ssrc,88952624,1219147184,14925,16898,1,0,0,54513,aec6c5b8d2c1a801,18,5,57
spine_effect,main,effect/screen_fx_electricity_target_01_b.sct,base_b09_0.ssrc,97831856,2066141136,444819,472164,1,0,0,63145,c9b49f6a1f3ee6ab,18,9,61
spine_effect,main,effect/screen_fx_electricity_target_01_f.atlas,base_b14_0.ssrc,103375744,2913737648,1488,9828,1,0,0,69060,dc950547dd74b892,18,14,65
spine_effect,main,effect/screen_fx_electricity_target_01_f.scsp,base_b15_0.ssrc,110676576,3143627280,30225,35260,1,0,0,69171,dcfb7d9a1cdaae93,18,15,66
spine_effect,main,effect/screen_fx_electricity_target_01_f.sct,base_b09_0.ssrc,98276688,2066585968,873201,928750,1,0,0,22643,48d9a8a35f38e2ad,18,9,61
effect_cfx,main,effect/screen_fx_water_wo_02.cfx,base_b15_0.ssrc,110738864,3143689568,441,1501,1,0,0,42078,86ae1c44b78e7869,18,15,66
spine_effect,main,effect/screen_water_fx_all2.atlas,base_b08_0.ssrc,92557136,1872794624,2528,21082,1,0,0,78270,fac1b6bdacd9b28e,18,8,60
spine_effect,main,effect/screen_water_fx_all2.scsp,base_b16_0.ssrc,74840880,3327844688,48293,68179,1,0,0,53986,ad44bb7ee95c1726,18,16,67
spine_effect,main,effect/screen_water_fx_all2.sct,base_b12_0.ssrc,93315040,2687334816,486791,527024,1,0,0,17309,377323ab5b8bbd72,18,12,64
model,main,model/30048.atlas,base_b17_0.ssrc,189978624,3668649472,3968,21696,1,0,0,59862,bf7a3dfa0709eafd,18,17,68
model,main,model/30048.scsp,base_b12_0.ssrc,179097888,2773117664,965319,1233193,1,0,0,19555,3ed95e4b98329244,18,12,64
model,main,model/30048.sct,base_b11_0.ssrc,177584848,2557419776,361353,379022,1,0,0,44647,8eec0c0cc1cf4c63,18,11,63
model,main,model/30048_battle_ready.atlas,base_b03_0.ssrc,171691104,852838608,2591,11448,1,0,0,3860,0c6a7671e2b39719,18,3,55
model,main,model/30048_battle_ready.scsp,base_13_s13_b03_0.ssrc,88389376,214931504,180945,200417,1,0,0,62961,c924ddd14f113f93,17,3,50
model,main,model/30048_battle_ready.sct,base_b01_0.ssrc,191599840,424395440,580248,617231,1,0,0,69444,ddd37739da8d546f,18,1,53
model_config,main,model_data/30048.srcs,base_b16_0.ssrc,210380784,3463384592,297,1654,1,0,0,60902,c2aabb0f8eb4130c,18,16,67
model_config,main,model_data/30048.srmd,base_b17_0.ssrc,202312272,3680983120,12624,156025,1,0,0,9764,1f7861578a4ce9d5,18,17,68
model_config,main,model_data/30048.srue,base_b11_0.ssrc,189791696,2569626624,369,1011,1,0,0,60205,c06e7f5e8011afb3,18,11,63
model_config,main,model_data/30048_battle_ready.brmd,base_b14_0.ssrc,190669456,3001031360,1313,8426,1,0,0,31445,64ce9a788edf9ede,18,14,65
camera_node,main,node/fei_30048_ug_attack_mon_node.scsp,base_b08_0.ssrc,178714080,1958951568,276,276,0,0,0,28334,5b1045187124fc10,18,8,60
camera_node,main,node/fei_30048_ug_node_standby.scsp,base_b03_0.ssrc,180921568,862069072,270,270,0,0,0,34299,6d87ff557e552199,18,3,55
particle_texture,main,particle/blur_ticle_03.sct,base_13_reuse_0021.ssrc,155640480,4147220240,2378,2528,1,0,0,64760,cf1d9fa57b58b48b,18,21,71
particle_texture,main,particle/dust_02.sct,base_b01_0.ssrc,197512896,430308496,16363,18405,1,0,0,16668,3563f6b035127111,18,1,53
particle_texture,main,particle/pati_03.sct,base_b02_0.ssrc,182690864,656659184,4051,4304,1,0,0,30823,62e099647c23f03c,18,2,54
particle_texture,main,particle/pati_03_h_long2.sct,base_13_reuse_0019.ssrc,157732576,3911688752,5047,5554,1,0,0,40443,814e41a97f5d1542,18,19,69
